,1,2,3,pChEMBL.Value,Name
0,358.5172471342709,2.2319552695731586,-4.705944080007068,4.98,CHEMBL76374
1,357.51648454775267,2.0992989894820657,-4.6562816114129335,5.47,CHEMBL420395
2,356.51638709394024,2.096480358075151,-4.647848172612674,6.3,CHEMBL349091
3,355.5123519045002,1.9235045410947036,-3.5733916712328857,5.16,CHEMBL63397
4,354.5067312691621,3.0993547830873753,-3.771936150929237,6.32,CHEMBL479928
5,353.5126427024896,2.327764180774123,-4.719334779921475,6.72,CHEMBL67175
6,352.493291612517,0.032543054673959654,-2.7454478336056427,6.55,CHEMBL136664
7,351.52443785285163,2.256542527346202,1.8240251467659439,4.7,CHEMBL228371
8,350.52374225186304,2.164597678748021,2.7564372256113874,6.82,CHEMBL228541
9,349.49464625304245,-7.080652983778431,-0.2552544797041455,6.08,CHEMBL1627410
10,348.5101719788891,2.7579104053239556,-4.610035685621488,6.8,CHEMBL598009
11,347.5158201373867,4.072980181472299,12.139148785460604,6.34,CHEMBL231602
12,346.5112630596847,3.928870653380486,12.229481288906928,5.05,CHEMBL27198
13,345.5173782862143,2.520083304717888,-4.926697078124931,4.5,CHEMBL79227
14,344.511063106839,3.8389781469748256,12.158363195245645,4.72,CHEMBL27197
15,343.50426432738124,3.9213648222195454,-4.70776920631584,5.29,CHEMBL325346
16,342.51129525072946,3.665294046431688,12.357958597026236,5.22,CHEMBL284412
17,341.52323890583915,1.8636832716987828,2.6534499627077763,6.6,CHEMBL228542
18,340.52403813635686,2.1111002815765705,1.9904439899135928,4.37,CHEMBL389265
19,339.49990745017675,-1.1275012517089738,-4.769460521275274,5.47,CHEMBL84380
20,338.50688157925146,4.577880858311721,-4.586837230788989,5.54,CHEMBL1672974
21,337.50625832155754,4.803829229863786,-4.5027735305498355,9.89,CHEMBL1672979
22,336.5001708334336,3.8134443417523443,-2.936755291497767,6.87,CHEMBL344037
23,335.4918856114485,-0.6708302263537022,-2.7903500999811586,4.95,CHEMBL334696
24,334.517056166652,2.3284361763722337,-4.657247949225617,5.03,CHEMBL347202
25,333.5164809076421,2.066797344257938,-4.649290318070544,4.65,CHEMBL305637
26,332.51667703683916,2.176251750128608,-4.621970619395759,5.77,CHEMBL443552
27,331.51499023798794,3.700597265222406,12.384263690670357,4.54,CHEMBL27775
28,330.50514410848996,2.6735238310973783,-0.28452167486183055,5.03,CHEMBL184540
29,329.51229161000185,1.8480086835508691,-3.6105619861082467,5.3,CHEMBL63504
30,328.51422113712704,3.3617076610188312,12.621559206885639,5.85,CHEMBL26541
31,327.5041283363718,1.4695128631684657,0.6592332225540704,6.75,CHEMBL186816
32,326.5071906006401,4.558123358174647,-4.689166326824812,6.62,CHEMBL1672982
33,325.5070072928403,4.803766728740091,-4.4523256474434,6.72,CHEMBL390496
34,324.4997184760048,3.603053897888409,-2.956642538386779,6.72,CHEMBL137119
35,323.50601799706095,0.05972664440640753,0.40931121545367316,4.99,CHEMBL181078
36,322.4963377682026,-7.051725940710389,-0.35158156346815156,6.96,CHEMBL1627418
37,321.49966114253465,1.5941886940423582,-1.8207453434807805,5.59,CHEMBL137313
38,320.49624574442055,-6.452163375577734,-0.308572131135917,5.99,CHEMBL1627553
39,319.4924977275933,-2.9466982620721076,-4.391732516338923,6.0,CHEMBL26036
40,318.5113205548385,3.8523952876680525,12.175924012436202,4.3,CHEMBL285011
41,317.5252082883811,2.1217432566788053,3.374421372261697,5.38,CHEMBL426202
42,316.49995283890956,3.662344620315584,-3.0246973089310707,7.35,CHEMBL137289
43,315.50122274550097,0.70310238772118,-2.6734485018961487,7.25,CHEMBL44459
44,314.51650023561194,0.9002386052904947,2.0384611462858246,5.34,CHEMBL389890
45,313.5013847106125,2.78701770375011,0.06309104073178588,4.1,CHEMBL1159897
46,312.52412192062627,1.8736686756578669,2.3217100604383294,4.89,CHEMBL228797
47,311.496528962748,-7.238309515202061,-0.5867704046607297,5.25,CHEMBL1627428
48,310.51856301163156,1.0002242442186646,1.4955639448579807,5.4,CHEMBL389867
49,309.5209619000898,1.1802728409322052,1.296803339448136,5.1,CHEMBL444886
50,308.4977558647627,-7.515529182720998,-0.8944312231985014,5.7,CHEMBL1627411
51,307.5253393743715,2.139048952785488,2.947955541160852,7.3,CHEMBL389889
52,306.5174407740024,2.346220080090812,-4.64609432269796,5.23,CHEMBL306782
53,305.5170517423434,2.1935196099743686,-4.611492408913895,5.42,CHEMBL78282
54,304.5012982165376,0.5530859864987016,-0.16273739694702014,6.58,CHEMBL187900
55,303.5167779630262,2.082278660442433,-4.629027836696819,5.32,CHEMBL80330
56,302.5008009406062,2.928241958636475,-0.46429180642441986,4.91,CHEMBL188214
57,301.51695716145673,2.1150226743506635,-4.653782111273163,5.3,CHEMBL421505
58,300.49589413137994,-6.710256085631723,0.1536412838196955,6.96,CHEMBL1627421
59,299.5116043918924,2.5193818671882378,-4.490503164229337,6.11,CHEMBL65211
60,298.49362430037615,-6.681159759802168,1.5636247095567648,6.58,CHEMBL1945897
61,297.5110671800521,2.8398914551562804,-3.3475149662325783,5.15,CHEMBL305077
62,296.52296107640115,1.2110573083144154,1.5861476575532836,5.4,CHEMBL387708
63,295.4978845887625,-7.508820612374385,-0.8856508146032213,6.36,CHEMBL1627427
64,294.50050918235485,3.775622300270046,-2.9710353297636827,7.21,CHEMBL138488
65,293.49790439245476,-7.507788524628752,-0.8842999825116398,5.22,CHEMBL1628149
66,292.4849287515391,-4.162487409044248,-1.802080017231485,6.72,CHEMBL385226
67,291.49567327446,-7.073299818797075,-0.40833463894672367,7.62,CHEMBL1627429
68,290.4976490634664,-7.353681570988412,-0.7661407311663058,7.21,CHEMBL270250
69,289.5124750989423,2.834958255372155,-3.2330079717011055,5.28,CHEMBL63345
70,288.49549178032737,-5.792323800968733,0.676041083929399,7.66,CHEMBL1627617
71,287.50572102872337,4.866652986478351,-4.561662164081086,7.4,CHEMBL108646
72,286.5148630291714,4.100641950111982,11.98001760764039,5.16,CHEMBL25794
73,285.51475278880866,2.5049357652940314,-3.340957003969205,5.34,CHEMBL65399
74,284.5121732154275,2.4095998641150733,-4.516650285841085,5.24,CHEMBL63838
75,283.4980034109161,-7.5026280859005885,-0.877545822053731,4.84,CHEMBL1627625
76,282.5145543311188,3.363949360990553,12.84810097614344,5.5,CHEMBL26969
77,281.48756032149765,-3.8465039090122595,-2.295699791805624,5.85,CHEMBL407952
78,280.49596021434513,-6.918657581656075,-0.6163235027464964,6.19,CHEMBL1627606
79,279.49353032218926,-6.274983820539427,0.5257961108266764,4.58,CHEMBL1835543
80,278.4861225843383,-7.253094947791261,2.297161163423839,7.13,CHEMBL1947225
81,277.49576130122665,-6.590573384885647,-0.9094180719637713,5.3,CHEMBL220493
82,276.4945234387092,-6.412418318721544,0.06214581253748586,4.77,CHEMBL1835542
83,275.508834044131,2.9743883328626737,-4.118869476310901,5.2,CHEMBL598628
84,274.50955063988516,3.0138589775529625,-4.178012941270845,7.54,CHEMBL609618
85,273.5103920392899,2.969071129390662,-4.501495145322868,7.46,CHEMBL598199
86,272.5063728278295,4.984990041030552,-4.360133351001942,8.64,CHEMBL1672977
87,271.50702430902544,4.781337474748004,-4.487592445247796,5.54,CHEMBL1672975
88,270.5068270497043,4.603263368259102,-4.565238914255818,7.26,CHEMBL1672981
89,269.52442290591796,2.0177692502316753,3.341467180187488,5.6,CHEMBL228914
90,268.4902423692016,-4.318545994962116,-3.5371720355358387,7.4,CHEMBL229993
91,267.5041359296589,3.689193470988971,-3.3505433543905427,7.66,CHEMBL137392
92,266.4942049591526,-6.899775782902811,-0.5218837374470743,6.89,CHEMBL1627640
93,265.4892318133859,-8.47396483623034,2.006172753782607,6.46,CHEMBL1945895
94,264.48591155691946,-3.947292234194109,-1.7430724064855814,10.4,CHEMBL3806018
95,263.4896327056087,-8.245713009227858,2.3386249615458934,7.36,CHEMBL1945899
96,262.48697043359647,-4.333965230205334,-2.186294473656154,6.0,CHEMBL366014
97,261.508054291145,4.704628164892437,-4.72128392257158,7.77,CHEMBL1672976
98,260.49411074675965,-0.15963460252237838,-1.519537573852228,6.54,CHEMBL137708
99,259.5078222342294,5.191261193326699,-3.9527581680307637,7.66,CHEMBL1672980
100,258.5149476408813,3.541670176802667,12.615629487975625,4.96,CHEMBL27864
101,257.502762651526,3.874736214385912,-3.095453024358898,7.35,CHEMBL137391
102,256.50417989399,2.3603041149818806,-2.4106654299338675,8.25,CHEMBL137217
103,255.50085952745746,3.7124309841401555,-2.998570344094598,6.39,CHEMBL137692
104,254.51360515924043,4.0556895751336945,12.299431935563753,4.75,CHEMBL286712
105,253.51386005947873,3.119777994838679,12.755720632973881,4.82,CHEMBL27368
106,252.51208966342818,2.830145134083761,-3.6454899675026966,5.16,CHEMBL434211
107,251.51193819113382,4.285219430665192,11.915775413640855,5.32,CHEMBL26414
108,250.49833017183866,-7.485598638097645,-0.8552570925426332,6.03,CHEMBL1627433
109,249.52578174216512,2.417599025906059,1.6378947251687048,4.24,CHEMBL376171
110,248.51787154537553,2.3782016327303332,-4.792192115629735,4.88,CHEMBL77121
111,247.50213510536005,3.5007995057869348,-2.8721717840316847,7.11,CHEMBL137707
112,246.495355230885,-4.736317988014666,0.18772176431534499,4.37,CHEMBL1627869
113,245.50718067421064,0.0014252800425008476,0.2735411860220494,5.75,CHEMBL182155
114,244.52530044168,2.396177684120424,3.78174744076304,5.35,CHEMBL228916
115,243.49849830843206,0.3842970978991266,0.7241673271025317,5.13,CHEMBL332811
116,242.48933725570006,-3.241688887316081,-2.388734040118552,6.28,CHEMBL389320
117,241.52243183743542,2.7590337119844017,3.0580351715863086,4.46,CHEMBL375730
118,240.49969299108645,4.265211727692506,-2.6676860434565755,5.79,CHEMBL137156
119,239.52323321580127,2.8859403571503095,3.871401153329908,4.7,CHEMBL228915
120,238.5257840335295,2.576057038484581,3.638859973177633,6.14,CHEMBL375729
121,237.48634002961845,-5.050274709157067,-3.4223216379147896,9.41,CHEMBL1627878
122,236.4939274586562,-0.26286153058927697,-1.5832836524712013,4.61,CHEMBL342715
123,235.4984786995307,-7.477857980005396,-0.8451258518557702,5.46,CHEMBL1627871
124,234.5088744946301,3.1654528160365563,-3.382727043135561,6.04,CHEMBL479551
125,233.49629788577946,2.0227315463929614,-2.122743734637583,7.3,CHEMBL137513
126,232.50817776854902,4.774043019343737,-3.4027101839449685,6.27,CHEMBL390717
127,231.4993456972727,1.1015655351761893,1.6357437693151426,5.42,CHEMBL333727
128,230.48882151502664,-3.584866254932528,-2.4078207713727173,6.89,CHEMBL408967
129,229.49685999890156,-6.984890485231484,-0.2528035966485252,7.1,CHEMBL1628091
130,228.5070486039016,4.927250445615897,-3.7450556917450197,6.42,CHEMBL226736
131,227.50718228111117,4.624668728443704,-4.6464941653254614,7.7,CHEMBL322322
132,226.52548211619632,2.0691671770906965,2.2208065737323897,5.4,CHEMBL376176
133,225.51287607797343,3.3809992405057487,-3.2481060291014097,5.32,CHEMBL65446
134,224.52291190855433,1.1606847435722671,1.4034779197719713,5.64,CHEMBL229010
135,223.51527667834213,3.4188051398993053,12.642901759441914,5.1,CHEMBL26041
136,222.5121352099044,4.371912791251842,11.892168788407169,4.92,CHEMBL26970
137,221.4986173253766,-7.470633365785965,-0.8356700272146986,6.11,CHEMBL1627417
138,220.48952735288842,-8.278327229759984,2.088424204869779,7.7,CHEMBL1945906
139,219.4955156559768,-6.260030566746165,0.07050468702891875,6.53,CHEMBL1945894
140,218.50192262027062,3.386830421152775,-2.7569946110554207,7.96,CHEMBL435988
141,217.49415335368818,-5.201034788230656,-0.21259872987607772,4.37,CHEMBL1628113
142,216.50486372818472,-0.6327793614971764,1.1117616544220759,5.55,CHEMBL359751
143,215.5264362500664,2.4876418110656116,2.0407691448587335,4.89,CHEMBL229061
144,214.52608269607194,2.2197900661943293,2.1127239000524787,4.92,CHEMBL228317
145,213.52461225322307,2.225807616097148,2.377143502384061,5.3,CHEMBL228543
146,212.5024896543306,-0.11618697627528309,1.6527261774278397,5.72,CHEMBL179014
147,211.4900879626663,-8.291995467668345,2.220863509033719,7.75,CHEMBL1945903
148,210.49426486716033,-4.980482464712281,-0.47700328621593296,6.38,CHEMBL1627728
149,209.49004661026063,-8.273275084904155,2.0337585016997983,6.72,CHEMBL1945909
150,208.48695390367584,-3.030426914673448,-2.2281872381219934,6.05,CHEMBL366144
151,207.46760878596697,3.269233781341843,-1.3371717327662553,7.12,CHEMBL3622015
152,206.46761868781314,3.269749825214659,-1.336496316720466,8.62,CHEMBL3622011
153,205.47397957135976,6.652353493248506,-1.718289535861958,6.55,CHEMBL4090835
154,204.46970586523017,7.5680548470592885,-0.5330831176805428,6.36,CHEMBL4083045
155,203.51581640576606,3.795488983288903,12.41013225213923,4.6,CHEMBL26647
156,202.4695743102593,7.462017677817052,-0.6898857145752821,6.47,CHEMBL4078408
157,201.5155120461112,3.5710846775532055,12.654128202585701,4.66,CHEMBL27057
158,200.48792063940445,-4.284079321121171,-3.5663794163955354,8.78,CHEMBL364332
159,199.49074407431885,-4.641035496096278,-3.2523532128966024,7.1,CHEMBL1627551
160,198.49782529688957,1.7220937864431543,-1.443836884954367,6.52,CHEMBL3622364
161,197.46860215050452,7.368063117295174,-0.509377856216133,6.44,CHEMBL4067505
162,196.5079773673881,3.225761729690629,-3.265245346257205,6.26,CHEMBL480321
163,195.48480289039333,-4.417932691926077,-2.248866885168333,11.0,CHEMBL2011408
164,194.47081869697868,2.6320654293473673,0.5413393651027136,4.83,CHEMBL3612306
165,193.48254673431998,5.305307577457823,-2.5942180941109214,7.52,CHEMBL275331
166,192.51792910702687,2.167936781207942,-4.572403739527474,6.77,CHEMBL155465
167,191.51849847896426,2.5908286867559536,-4.921945088695791,4.5,CHEMBL311899
168,190.51174757498083,2.712553051900754,-4.5911068341095325,5.26,CHEMBL598629
169,189.48986400944202,-4.862325435530223,-3.95138593772285,6.7,CHEMBL2011418
170,188.4889637711981,-5.226681784907336,-3.6195386430265857,7.8,CHEMBL219321
171,187.48558808265798,-3.751863261588415,-2.4381879769785577,10.0,CHEMBL2011422
172,186.50322519604634,3.926156489506628,-2.012639349502194,6.17,CHEMBL137424
173,185.50102599884573,3.680640105756927,-2.895710367293192,7.96,CHEMBL359199
174,184.49691974968744,-7.237075635676806,-0.08437219162338915,7.6,CHEMBL1627626
175,183.49852223884517,-7.285522700028033,-0.7482038930133261,6.21,CHEMBL1627612
176,182.51575152949943,3.7779250950274705,12.480332557851293,4.62,CHEMBL286518
177,181.51211784450754,4.332274113476095,11.958505632182874,4.64,CHEMBL26958
178,180.5148588185672,3.260329496672597,12.892720248819728,5.4,CHEMBL25760
179,179.49761996619506,-7.065752320593337,-0.2626546261091507,6.92,CHEMBL1627953
180,178.51451022093644,4.204776451915224,12.310294091407682,4.7,CHEMBL27721
181,177.51394455264503,4.194708450245981,12.307018837437816,5.22,CHEMBL285331
182,176.51404343786226,3.326389479539064,9.52413707076533,4.39,CHEMBL422576
183,175.46875733548177,3.3243793016855916,-1.541265210120727,7.16,CHEMBL3622009
184,174.51486206186135,3.2514700549424718,12.881547426344225,5.75,CHEMBL27369
185,173.51328940440246,4.145540472428695,12.420096909412985,5.1,CHEMBL286960
186,172.4891294220664,-7.905952066055397,2.5090643900091725,6.86,CHEMBL1945913
187,171.5000571410993,1.8827073538219739,0.5417948589318101,5.82,CHEMBL183635
188,170.46801367723978,3.2292152304018393,-1.2893062198686278,7.52,CHEMBL3622010
189,169.490275023438,-8.31147524239695,2.144174068572255,6.68,CHEMBL1945898
190,168.48829482638797,-7.963586044183609,2.5874574498224283,7.64,CHEMBL1947221
191,167.49058328283797,-8.196172797437477,2.4034649019418146,7.29,CHEMBL1945901
192,166.50384975729506,4.083620130589735,-2.999142484196308,6.14,CHEMBL137262
193,165.47041931400238,2.66744782156609,0.8860364309186118,5.26,CHEMBL3612349
194,164.4911489947907,-8.0303525591518,2.3618098992997454,7.17,CHEMBL1945910
195,163.49781910332646,4.750749043646539,-2.5083923745145884,5.2,CHEMBL137227
196,162.50106531908438,3.624182992797351,-2.8332750500832393,8.25,CHEMBL341736
197,161.48524444307247,-3.9876684421816595,-1.7374614534303483,6.5,CHEMBL219273
198,160.50750767690948,4.784572598892342,-4.574622462837135,7.41,CHEMBL108483
199,159.48858529160182,-4.7193718106031195,-3.227916798782359,7.75,CHEMBL221802
200,158.49067239945316,-8.191528402582131,2.409543646353933,7.58,CHEMBL1945900
201,157.49436150177232,-6.663947230726022,0.5133869054597531,5.62,CHEMBL1835541
202,156.49693532921225,-6.37025657839627,-0.6061423626287824,5.48,CHEMBL1835539
203,155.48975324276893,-8.093736823043791,1.9200899265263045,6.32,CHEMBL1947220
204,154.4883799426188,-7.335903655529083,2.6087528453214754,6.71,CHEMBL1947224
205,153.4892541697935,-7.98217070890848,2.1975213879804993,6.95,CHEMBL1947219
206,152.51309354499992,2.206270604664717,-5.0661879071310185,7.79,CHEMBL592320
207,151.49790491498513,-6.544213180558822,-0.7712269586274264,4.4,CHEMBL189051
208,150.4965184793646,2.05269671210788,-4.178086455806537,8.0,CHEMBL3622030
209,149.49047306036073,-8.30115436494062,2.1576823894880732,6.47,CHEMBL1945893
210,148.4979269234253,-7.049754960536027,-0.2417167286896347,6.92,CHEMBL1947228
211,147.51015062328307,3.1414508540733714,-3.884806802254506,7.54,CHEMBL598211
212,146.49661898359244,-6.060203212449225,-0.0880983605009977,5.17,CHEMBL1835540
213,145.48991863390657,-8.10039937751115,2.4232778332817078,7.19,CHEMBL1947223
214,144.5113367706614,3.1252601756694456,-4.209151331857809,8.26,CHEMBL592131
215,143.4850576147457,-3.5496312777223604,-2.0730488620378975,8.52,CHEMBL3622027
216,142.49067177029258,-7.371500366424703,2.4431444936943243,7.41,CHEMBL1945905
217,141.49147551175565,-8.228239679454154,2.1651480345481913,6.57,CHEMBL1945911
218,140.50853187077172,3.2546601865683518,-3.2274220476929174,5.33,CHEMBL479559
219,139.51109411155073,2.9997652336934784,-4.203749829368247,6.85,CHEMBL592376
220,138.49887020594377,0.29301588013254065,0.5236424531109182,5.21,CHEMBL440159
221,137.51118531363977,3.080561652925212,-4.050955148385112,7.49,CHEMBL599442
222,136.47339486794678,3.0343361370031605,0.9034527105342934,4.57,CHEMBL3612308
223,135.47052294069414,2.6436682272352354,0.7964052451263878,5.15,CHEMBL3612304
224,134.48840482084836,-5.390839499124182,-2.665840041785361,7.52,CHEMBL3806088
225,133.5031160287014,4.137302657082139,-2.410611068584547,6.0,CHEMBL3622059
226,132.50460203281173,2.5025973106004757,-3.1748015724743537,8.77,CHEMBL3797224
227,131.48433162510457,1.383747445119612,-2.325691075570362,9.0,CHEMBL3827021
228,130.50032190003233,4.5172817866965715,-1.6297698731543004,6.36,CHEMBL137541
229,129.50639353155853,1.6626756089607184,0.46928614911698374,4.98,CHEMBL121068
230,128.50140908134296,-7.0986826553410145,-0.14005410655119147,5.42,CHEMBL1627916
231,127.50867573713886,4.786869512185305,-4.387554988354096,9.08,CHEMBL1672978
232,126.49103351636776,-8.219984219526719,2.060299453181898,8.05,CHEMBL1945904
233,125.4995679026057,-7.421093153995586,-0.7708300868187774,4.71,CHEMBL1627631
234,124.51362707898171,2.466416541672357,-4.359085546710288,5.5,CHEMBL65204
235,123.49609742438905,0.24949676978255347,-2.542807127993071,6.85,CHEMBL136663
236,122.50062590557273,3.1454625165204932,-1.1361973983428935,7.21,CHEMBL137169
237,121.50147129477598,3.6453407915828264,-2.805582992205813,7.96,CHEMBL137479
238,120.4905560185845,-8.243144409921813,2.2909719801862076,7.21,CHEMBL1945902
239,119.51396798943563,4.193461391626133,12.468388495740188,4.89,CHEMBL287229
240,118.4881787379449,-7.65051045826175,2.4933637546742613,7.05,CHEMBL1945912
241,117.515518081483,4.173339111357546,12.254688544914279,4.8,CHEMBL27657
242,116.49424818127912,4.8663875474971166,-1.94878467501374,5.79,CHEMBL137243
243,115.50925959778476,1.7930685987349475,-4.9191661379251395,7.06,CHEMBL3235682
244,114.49967682291319,-7.415416671394604,-0.763400510315078,6.28,CHEMBL1627627
245,113.49617133812171,-6.652634669934142,0.1178244463962107,6.9,CHEMBL1823787
246,112.48998380118101,-8.121803095479944,2.160482121920612,6.31,CHEMBL1945907
247,111.49824726584369,-7.077614418661993,-0.18293451717066694,7.46,CHEMBL1947227
248,110.49507987400423,-6.635574521313488,1.6012450094793593,6.44,CHEMBL1945896
249,109.49682458107321,-5.0512452839839215,1.2877713400068709,6.13,CHEMBL1947226
250,108.50884872984813,3.2711735904984782,-3.205808734227612,5.58,CHEMBL518761
251,107.50852266608014,4.515871643702505,-4.418765121628942,6.43,CHEMBL3622062
252,106.47163346040315,2.8164125534061277,0.7606210289072285,6.07,CHEMBL3612348
253,105.48856233007871,-7.50484069403715,2.979794956342689,8.1,CHEMBL3600586
254,104.48682605690637,-4.087870418168109,-2.3410310998074224,7.36,CHEMBL3806285
255,103.49750818426675,-6.883485218132225,0.019407267693955343,7.68,CHEMBL3805064
256,102.49845863079749,-6.583634134265412,-0.5137309741239517,5.32,CHEMBL1835538
257,101.50155382624607,-5.734367065449139,0.642994344877018,5.82,CHEMBL1835424
258,100.48975086447267,-7.420718700905677,2.8201431506616057,7.48,CHEMBL3600591
259,99.49057041781465,-8.07423446138575,2.4925360407696977,7.14,CHEMBL1947222
260,98.48701631894107,-4.32115732611355,-2.6056835937081777,9.0,CHEMBL3622021
261,97.48821925443072,-4.830525494797858,-3.033968716599221,7.52,CHEMBL3805117
262,96.49504128817638,2.3249755675430763,3.0745517951525967,6.8,CHEMBL3805454
263,95.48621369028616,-7.2193076940356065,3.2950102332152635,7.96,CHEMBL3600585
264,94.48513431494668,-2.7377023104740683,-0.8627372674662699,8.05,CHEMBL3805984
265,93.47366070153956,2.790690006235004,-0.7536579796582268,8.1,CHEMBL3612354
266,92.47157865755679,2.7843762571102078,0.6601831863823516,5.11,CHEMBL3612303
267,91.49303782795839,-1.5794304029939634,-1.1547209467573718,7.85,CHEMBL3805967
268,90.46876730196503,3.329610914461369,-1.2581480554087265,9.0,CHEMBL3622012
269,89.48354586907234,-2.66392773193232,-1.940906468737195,8.4,CHEMBL3612355
270,88.48371137185879,-3.043115791957792,-1.2712570645007786,9.0,CHEMBL1235380
271,87.50710282693629,2.1486260240917985,-3.6297271356721463,6.77,CHEMBL3235689
272,86.50014039676282,-7.413909619524761,-0.6901561822862935,4.08,CHEMBL135
273,85.48459700378423,-4.413564605145781,-2.005625952503825,7.36,CHEMBL3806286
274,84.47371633525367,3.0219095078742653,0.828680677749469,4.47,CHEMBL3612302
275,83.47167856455776,7.518993841613458,-0.0390870402563099,6.51,CHEMBL3818315
276,82.49299779671469,-1.8211097051944058,-1.5667447701191968,6.4,CHEMBL3805656
277,81.48654755554242,-4.182084231024472,-2.268131455321279,7.52,CHEMBL3805959
278,80.4860355480226,-3.929899797663688,-2.396958770585571,7.52,CHEMBL3806175
279,79.49152476773729,-4.853992576344123,-2.3843246104804425,5.12,CHEMBL494753
280,78.47730812417078,6.654216388081771,-1.6708575174663292,6.54,CHEMBL4069839
281,77.48478010963669,-3.2773814135626123,-1.436630754792018,7.52,CHEMBL3805071
282,76.49280025532376,4.295475936202117,-2.662445572795549,6.42,CHEMBL269221
283,75.48805664153177,-4.972495926928422,-2.859672515188395,7.52,CHEMBL3805811
284,74.51095028956595,1.8928345421970953,-4.645626684562411,5.99,CHEMBL3235681
285,73.47172793837134,7.653008089988558,-0.3184176122624918,6.16,CHEMBL3818455
286,72.4710303219171,7.772931063976499,0.18095551159605902,6.72,CHEMBL3818539
287,71.47261898121788,7.624354029547315,-0.6082375112732702,6.11,CHEMBL3819591
288,70.48786286027415,-7.170581314745264,3.3086361790203043,7.17,CHEMBL3600589
289,69.48995392492294,-7.432868859800597,3.0590554678251634,7.09,CHEMBL3600590
290,68.50752648554176,-0.7776121830852811,0.9593197143584592,4.15,CHEMBL367827
291,67.52632811639164,1.9091748303466072,2.4147180659042182,4.22,CHEMBL228315
292,66.47257576821447,7.648514831751694,-0.4109294143640888,6.29,CHEMBL3818079
293,65.52663640940547,2.318471317988224,2.1534005002363306,4.62,CHEMBL228527
294,64.52021170077431,2.2836177039819217,1.3009681868373542,6.09,CHEMBL228744
295,63.503245280140675,2.734443760324422,-1.3507584935283095,6.98,CHEMBL4099681
296,62.52748042102598,2.294894059582715,2.2231451617671754,5.89,CHEMBL426204
297,61.504050753721295,4.2536791501950795,-3.2357504615789003,5.51,CHEMBL3622056
298,60.48771735358222,-4.0473123851879595,-1.963962854802504,10.3,CHEMBL3805209
299,59.499592047481656,-6.949669014279357,-0.7479761940015924,4.29,CHEMBL1405
300,58.47583605237155,2.901202323813264,-0.9525069546751611,6.0,CHEMBL3612353
301,57.50412879066017,2.7247298339235364,-1.1586476763971039,6.66,CHEMBL4083248
302,56.506015813040534,4.345526065945711,-4.241692473414885,6.23,CHEMBL226892
303,55.487442098324976,-4.298967439582444,-2.5766407037391716,7.28,CHEMBL3622020
304,54.49584138270241,2.0716820574213504,-0.8798495163676617,8.05,CHEMBL3953180
305,53.500280835527526,-7.3839379951528015,-0.7222001315218366,6.0,CHEMBL1627425
306,52.508025750853264,4.634564564166579,-4.191267560166833,6.69,CHEMBL3622064
307,51.49609687038855,-6.963897981796505,0.5542401386431818,5.55,CHEMBL1627935
308,50.49352156270918,-1.5275171580682276,-1.1174227553058325,6.4,CHEMBL3806090
309,49.48750150940179,-4.295871176345545,-2.5725882074644266,7.13,CHEMBL3622025
310,48.487653614860804,-4.835748064999058,-2.387983127046641,7.52,CHEMBL3806025
311,47.5027415195168,2.377692824650076,-0.8407258823200483,7.46,CHEMBL4084183
312,46.4987689955903,2.1876430821989987,-0.8078011757755741,8.41,CHEMBL3910182
313,45.50352693993605,4.357544941128622,-2.961191641817897,5.92,CHEMBL3622057
314,44.50364697993001,4.991702070690967,-2.9667660154268067,8.6,CHEMBL3623232
315,43.48756092047861,-4.292774913108648,-2.568535711189682,7.92,CHEMBL3622019
316,42.4884600552394,-4.366398745973279,-2.4881249615238463,7.52,CHEMBL3806272
317,41.474389822931755,2.922965908867346,0.7816154883667897,4.12,CHEMBL3612305
318,40.472576319364705,3.2065090464195225,0.9475737344417693,4.13,CHEMBL3612350
319,39.4698452771591,2.8335013194159275,0.9073485836803107,4.05,CHEMBL3612352
320,38.48760222636657,-7.33069260762019,3.1002803638173897,7.92,CHEMBL3600584
321,37.49030041257229,-8.048439628534918,2.461528716965867,7.6,CHEMBL1945908
322,36.47142145756289,3.5857487736428264,-1.370906248219113,6.7,CHEMBL3622008
323,35.47176315303577,2.5955982617813183,0.8139954650965007,5.17,CHEMBL3612307
324,34.48529210417988,1.4338037007828086,-2.2601757191286524,8.1,CHEMBL3098847
325,33.4891526051451,-7.5211180133872775,2.7817704730150057,7.31,CHEMBL3600592
326,32.469341609040924,3.3595414590847232,-1.2189739247528604,7.89,CHEMBL3622013
327,31.469351510887023,3.36005750295754,-1.2182985087070681,7.22,CHEMBL3622014
328,30.504036356300837,3.0207713599583177,-1.2820079991221198,6.61,CHEMBL4072794
329,29.489241720640166,-7.533818604851964,2.687595726177595,7.02,CHEMBL3600593
330,28.48784008020679,-4.192924419585505,-2.3163503205828544,10.46,CHEMBL3622029
331,27.50877818731576,4.628060054838046,-4.120822157122544,7.58,CHEMBL3622063
332,26.471876178234435,7.684162098535082,-0.4249674777481383,6.35,CHEMBL3818226
333,25.46941092196384,3.363153766194439,-1.2142460124323227,6.43,CHEMBL3622016
334,24.472908928153814,7.48509383713353,-0.03171230926934821,6.62,CHEMBL3819198
335,23.487049905986577,-4.043373052095047,-2.057598326432857,7.52,CHEMBL3804911
336,22.49667669112871,-1.817594935795865,-3.697104765069533,9.4,CHEMBL3806300
337,21.474758534443538,6.948683444711569,-1.0275194483945274,6.54,CHEMBL4061169
338,20.48904433057201,-7.2421625874140885,3.1964733208806653,7.3,CHEMBL3600588
339,19.488573588972383,-3.558837807695627,-1.7755259895197817,7.52,CHEMBL3805387
340,18.472898685982774,8.436863351177912,-0.6684482233812685,6.75,CHEMBL4087245
341,17.488450541463944,-5.006138618004756,-3.0263944212278093,7.52,CHEMBL3805090
342,16.497117181701903,2.186561795305059,-0.513922738228271,7.78,CHEMBL3981927
343,15.470394006217173,7.518386000869252,-0.5789346459214886,6.52,CHEMBL4102669
344,14.473652141324832,8.192604240338778,-0.8302015384274781,6.31,CHEMBL4079364
345,13.491843277174743,5.240448621291902,-3.1156598964509468,5.86,CHEMBL11548
346,12.489962001943816,-4.175468937092699,-2.865323373220693,7.0,CHEMBL3805944
347,11.470707573408426,7.5836207923581105,-0.00781663534464321,6.42,CHEMBL4072568
348,10.47122328377787,7.183416916195552,0.2266110651236887,6.75,CHEMBL4099477
349,9.485824148925778,-4.135123311328951,-1.5927592474636303,7.36,CHEMBL3805636
350,8.473018418337947,8.395456781028894,-0.7765920103330187,6.68,CHEMBL4097394
351,7.473182962247266,7.644492948235026,-0.3437736756012291,6.33,CHEMBL3819219
352,6.50605762182977,3.1404856989396244,-1.2486282659479393,6.91,CHEMBL4066635
353,5.473496615794937,8.415779924971588,-0.6082928055355344,6.64,CHEMBL4105101
354,4.527546091299516,2.1737058758354575,2.4213085590669956,5.4,CHEMBL230359
355,3.503772153590776,2.542889151455735,-2.0921032287540853,5.52,CHEMBL3622071
356,2.4900186224203984,-3.5985304349534424,-1.9279077613244797,7.41,CHEMBL218382
357,1.496767160510716,0.21367445403253774,-2.508376801533055,6.55,CHEMBL136664
358,0.5199121511645783,2.28019197679781,-4.407400060311124,6.3,CHEMBL349091
359,-0.47919810296694637,2.417215019914269,-4.463469719568152,4.98,CHEMBL76374
360,-1.4799606894845423,2.2845587398231597,-4.413807250974032,5.47,CHEMBL420395
361,-2.528323029324307,7.388682772013941,-0.39837900873794035,6.58,CHEMBL4094925
362,-3.50185839527143,-6.898489496674222,-0.016832615539977027,6.08,CHEMBL1627410
363,-4.484083430890809,2.1092803353086285,-3.330241894748186,5.16,CHEMBL63397
364,-5.483802534747558,2.513023931115233,-4.476860419482562,6.72,CHEMBL67175
365,-6.48631286573265,2.941105980173799,-4.370262989365739,6.8,CHEMBL598009
366,-7.510793577488745,-3.897759743232432,-1.831181472726308,6.0,CHEMBL425287
367,-8.471997482539376,2.4423183215601276,2.067174923250648,4.7,CHEMBL228371
368,-9.47269308352805,2.3503734729619477,2.9995870020960913,6.82,CHEMBL228541
369,-10.489654556998154,3.287710796665385,-3.525409294215578,6.32,CHEMBL479928
370,-11.480625099850402,4.258239931813408,12.381623145899516,6.34,CHEMBL231602
371,-12.485189593892198,3.8484896212815305,12.59773129328199,5.22,CHEMBL284412
372,-13.485172275706306,4.1146464475944144,12.472631065391631,5.05,CHEMBL27198
373,-14.479057049176786,2.705859098931813,-4.683547301640227,4.5,CHEMBL79227
374,-15.473226135090352,2.047910934294259,2.8945734910551066,6.6,CHEMBL228542
375,-16.485362326705822,4.025269985061569,12.402188387776137,4.72,CHEMBL27197
376,-17.49632391303429,3.9961238727293704,-2.697658011287809,6.87,CHEMBL344037
377,-18.489583461677984,4.762108520907198,-4.345713702441659,5.54,CHEMBL1672974
378,-19.492141302471385,4.108688748051922,-4.462593181693762,5.29,CHEMBL325346
379,-20.490196817525753,4.988572936332078,-4.260974586156713,9.89,CHEMBL1672979
380,-21.496517983368072,-0.9412094136222309,-4.525635328744778,5.47,CHEMBL84380
381,-22.504569527634786,-0.48608651988540835,-2.548551155588038,4.95,CHEMBL334696
382,-23.481494606633778,3.8837928400722492,12.62403638692611,4.54,CHEMBL27775
383,-24.479974231441197,2.251541050726231,-4.407491373677422,4.65,CHEMBL305637
384,-25.479379168739015,2.514211970586161,-4.4140981727409105,5.03,CHEMBL347202
385,-26.472327886111323,2.300488382900211,2.238321678718833,4.37,CHEMBL389265
386,-27.49131103059334,2.8582675375656716,-0.04272273046870833,5.03,CHEMBL184540
387,-28.482243903802264,3.5459353236143074,12.862682735232974,5.85,CHEMBL26541
388,-29.479738494859596,2.363059632088167,-4.377470010819473,5.77,CHEMBL443552
389,-30.48414372538912,2.033784477764794,-3.367412209623544,5.3,CHEMBL63504
390,-31.49231690086556,1.6547726135095757,0.9017075829929839,6.75,CHEMBL186816
391,-32.489447846242946,4.988510435208381,-4.210526703050277,6.72,CHEMBL390496
392,-33.5001371745729,-6.868014321987728,-0.11113345116661089,6.96,CHEMBL1627418
393,-34.489234832904785,4.744415196261388,-4.445341134294319,6.62,CHEMBL1672982
394,-35.50022919835479,-6.2684517568550735,-0.06812401883437617,5.99,CHEMBL1627553
395,-36.49670695754008,3.7893457359751523,-2.712817345856286,6.72,CHEMBL137119
396,-37.49040743648397,0.2460184824931499,0.653136407984168,4.99,CHEMBL181078
397,-38.49653200571217,3.845540195165427,-2.7849246126753195,7.35,CHEMBL137289
398,-39.50394750964374,-2.7614385117309976,-4.14925815590001,6.0,CHEMBL26036
399,-40.471246850702265,2.306486963147098,3.616220316654818,5.38,CHEMBL426202
400,-41.49674448731801,1.7815126198747342,-1.5755693188587045,5.59,CHEMBL137313
401,-42.49996578371981,-7.055629984225034,-0.3476731244507704,5.25,CHEMBL1627428
402,-43.49522249173608,0.8883621380622894,-2.4309741414572335,7.25,CHEMBL44459
403,-44.47994500162535,1.0854983556316036,2.280935506724738,5.34,CHEMBL389890
404,-45.47116527394243,2.3212124398896976,3.1863774053250222,7.3,CHEMBL389889
405,-46.472323316610975,2.0589284259989773,2.564184420877242,4.89,CHEMBL228797
406,-47.477892127451696,1.184967950686957,1.7373628892511035,5.4,CHEMBL389867
407,-48.48504546762947,4.0417833889916945,12.423801701241443,4.3,CHEMBL285011
408,-49.5006402224723,-6.529640730145962,0.3900368998464912,6.96,CHEMBL1627421
409,-50.479024266927006,2.5304477426862886,-4.4049707943506275,5.23,CHEMBL306782
410,-51.4950011155477,2.975373717328118,0.3096178974454449,4.1,CHEMBL1159897
411,-52.47969697974939,2.2659902791650928,-4.38857972439528,5.32,CHEMBL80330
412,-53.498659666935936,-7.3287213007614405,-0.649930614622216,5.7,CHEMBL1627411
413,-54.479383593047594,2.379295404188294,-4.36834263242919,5.42,CHEMBL78282
414,-55.47542392607063,1.3686288545102132,1.5433301961617947,5.1,CHEMBL444886
415,-56.49564429663085,3.113501708977586,-0.22181744598550693,4.91,CHEMBL188214
416,-57.47948807578044,2.300282424691775,-4.411307750834251,5.3,CHEMBL421505
417,-58.49861015770526,-7.326141081397359,-0.6465535343932622,6.36,CHEMBL1627427
418,-59.485397860877384,3.0241191177517575,-3.1063914378852475,5.15,CHEMBL305077
419,-60.484830943498594,2.7051576614021653,-4.247353387744634,6.11,CHEMBL65211
420,-61.49596576042076,3.959333918992707,-2.73058721746214,7.21,CHEMBL138488
421,-62.49506780593042,0.7424740878223427,0.08514029185822063,6.58,CHEMBL187900
422,-63.50279123132261,-6.494351877842609,1.808125318133051,6.58,CHEMBL1945897
423,-64.49855074662848,-7.323044818160461,-0.642501038118517,5.22,CHEMBL1628149
424,-65.50079176646943,-6.889072156201596,-0.1672111105993922,7.62,CHEMBL1627429
425,-66.47344455345153,1.398381234146791,1.8313236821753602,5.4,CHEMBL387708
426,-67.48398994198709,3.019185917967632,-2.9918844433537735,5.28,CHEMBL63345
427,-68.51149668200593,-3.976195570957503,-1.5582548247009904,6.72,CHEMBL385226
428,-69.481732055813,2.6881313401438747,-3.1011843077134547,5.34,CHEMBL65399
429,-70.49073411035998,5.051396692946644,-4.319863219687962,7.4,CHEMBL108646
430,-71.48159210991177,4.285385656580278,12.221816552033511,5.16,CHEMBL25794
431,-72.49875656638615,-7.166357645156035,-0.5209647065442289,7.21,CHEMBL270250
432,-73.50892452312397,-3.663308334162414,-2.0559270955498734,5.85,CHEMBL407952
433,-74.48427202180969,2.5948596144561837,-4.274175925402172,5.24,CHEMBL63838
434,-75.50090394767906,-5.604483831263542,0.921892524597267,7.66,CHEMBL1627617
435,-76.50050482658413,-6.7344299190606005,-0.3751999743991644,6.19,CHEMBL1627606
436,-77.49842202262872,-7.316336247813847,-0.633720629523236,4.84,CHEMBL1627625
437,-78.51034245659096,-7.068867285195784,2.538284691771171,7.13,CHEMBL1947225
438,-79.48186120057987,3.5507572429501115,13.092601584719723,5.5,CHEMBL26969
439,-80.50290501320164,-6.089208026325498,0.7689458873113807,4.58,CHEMBL1835543
440,-81.4901219186384,5.167669572007582,-4.121036070791983,8.64,CHEMBL1672977
441,-82.50192179852775,-6.227158568380434,0.30462017297639893,4.77,CHEMBL1835542
442,-83.48966769676356,4.785942899236126,-4.326141634045859,7.26,CHEMBL1672981
443,-84.50065423047221,-6.403765502926092,-0.6649174633874854,5.3,CHEMBL220493
444,-85.48759138941409,3.160680170949416,-3.8750442837804053,5.2,CHEMBL598628
445,-86.50624247542001,-4.135350420112271,-3.2973993392800893,7.4,CHEMBL229993
446,-87.48942092821179,4.966597225089112,-4.245118084808882,5.54,CHEMBL1672975
447,-88.47203223316545,2.2025129566999686,3.5832661245806112,5.6,CHEMBL228914
448,-89.5022699836228,-6.7160641641801515,-0.2814356251455337,6.89,CHEMBL1627640
449,-90.49231920942437,3.8739371774572633,-3.1087444099974197,7.66,CHEMBL137392
450,-91.48682528442909,3.202731035003788,-3.930810668511396,7.54,CHEMBL609618
451,-92.48598388502437,3.1579431868414862,-4.254292872563418,7.46,CHEMBL598199
452,-93.50950450917905,-4.150253611482675,-1.9458463613546129,6.0,CHEMBL366014
453,-94.50720352200511,-8.288189042016416,2.249322530267311,6.46,CHEMBL1945895
454,-95.50681253162836,-8.060453258886751,2.5810993219848077,7.36,CHEMBL1945899
455,-96.48865270854628,5.374972812049358,-3.712310055729223,7.66,CHEMBL1672980
456,-97.51050397477914,-3.7604843522345495,-1.4985717979092967,10.4,CHEMBL3806018
457,-98.48151740004795,3.7258978393981437,12.856753016322953,4.96,CHEMBL27864
458,-99.48837114239996,4.890920002979179,-4.477458730041086,7.77,CHEMBL1672976
459,-100.5023146867853,0.02665723556436414,-1.2757123813217341,6.54,CHEMBL137708
460,-101.48286978353505,4.239401193856354,12.539880047865294,4.75,CHEMBL286712
461,-102.49367268386521,4.06051200859984,-2.8523032478741954,7.35,CHEMBL137391
462,-103.48454665348787,4.468415005515034,12.155548109896605,5.32,CHEMBL26414
463,-104.49224553955504,2.5465959530686226,-2.166840237403374,8.25,CHEMBL137217
464,-105.4943695429539,3.682962992891145,-2.6337499198675163,7.11,CHEMBL137707
465,-106.48435557380901,3.01540488442487,-3.403015607063784,5.16,CHEMBL434211
466,-107.49812496724465,-7.300854931629352,-0.6134581481495106,6.03,CHEMBL1627433
467,-108.49553620054904,3.900270953845347,-2.7527189034267323,6.39,CHEMBL137692
468,-109.47066349507199,2.6028587762471687,1.8803690856076174,4.24,CHEMBL376171
469,-110.47857369186156,2.5634613830714423,-4.549717755190823,4.88,CHEMBL77121
470,-111.51020422608005,-4.870175397544122,-3.1866014379337835,9.41,CHEMBL1627878
471,-112.50109000635221,-4.551058237673557,0.4301961247542582,4.37,CHEMBL1627869
472,-113.48926456302654,0.18668503038360984,0.5160155464609624,5.75,CHEMBL182155
473,-114.48249606114317,3.309682140035134,13.00427373782491,4.82,CHEMBL27368
474,-115.47113489371104,2.5819534783343494,4.024897217247745,5.35,CHEMBL228916
475,-116.47324172697438,3.069651975872969,4.1118492656314505,4.7,CHEMBL228915
476,-117.47401339980176,2.944293462325513,3.3005095320252225,4.46,CHEMBL375730
477,-118.47068100739995,2.760284701080058,3.8799835015249644,6.14,CHEMBL375729
478,-119.49674234430478,4.450987521906431,-2.4245362669718697,5.79,CHEMBL137156
479,-120.50706837415261,-3.054364961483705,-2.1435580154964757,6.28,CHEMBL389320
480,-121.50018695884229,2.205927121242804,-1.8829710383818337,7.3,CHEMBL137513
481,-122.49797643955259,-7.293114273537105,-0.6033269074626478,5.46,CHEMBL1627871
482,-123.49786771403612,0.5736851992227677,0.9720450159077724,5.13,CHEMBL332811
483,-124.50249797488863,-0.07656969250253418,-1.3394584599407053,4.61,CHEMBL342715
484,-125.50765342774896,-3.4011546362098675,-2.167372659071177,6.89,CHEMBL408967
485,-126.49961494387404,-6.801178866508827,-0.012355484346984613,7.1,CHEMBL1628091
486,-127.48754103706864,3.3522606979961136,-3.1382264345592747,6.04,CHEMBL479551
487,-128.48941643702784,5.111478108211376,-3.5039321633976894,6.42,CHEMBL226736
488,-129.49707973627224,1.287857373262932,1.8795689618456382,5.42,CHEMBL333727
489,-130.48436943840963,4.554076278356052,12.130590652571334,4.92,CHEMBL26970
490,-131.4882179594575,4.961882989048929,-3.1568587432771,6.27,CHEMBL390717
491,-132.4709631210409,2.2544269274318047,2.4632809341713036,5.4,CHEMBL376176
492,-133.4835691592638,3.566258990846857,-3.0056316686624975,5.32,CHEMBL65446
493,-134.47353332868292,1.3459444939133778,1.645952280210885,5.64,CHEMBL229010
494,-135.49457212619726,3.5695099521298026,-2.517897330845462,7.96,CHEMBL435988
495,-136.48921344689538,4.812508698148894,-4.400642724657593,7.7,CHEMBL322322
496,-137.49782791186058,-7.285373615444855,-0.5931956667757851,6.11,CHEMBL1627417
497,-138.48113885335664,3.6056130218588636,12.887402368018202,5.1,CHEMBL26041
498,-139.50690798250264,-8.092551435546058,2.3315739813544845,7.7,CHEMBL1945906
499,-140.50648774359183,-8.092659729418394,2.2701541177265936,6.72,CHEMBL1945909
500,-141.47002879086307,2.6718694736610877,2.2818926732060647,4.89,CHEMBL229061
501,-142.50640678380157,-8.109315936691317,2.459960789243679,7.75,CHEMBL1945903
502,-143.49157160720634,-0.4470035672832506,1.3549114309067811,5.55,CHEMBL359751
503,-144.5008800720298,-6.072190597040976,0.3163561276967864,6.53,CHEMBL1945894
504,-145.49396548475275,0.06855673019301023,1.8945251218209611,5.72,CHEMBL179014
505,-146.47182308216802,2.411583410311074,2.6202932788687647,5.3,CHEMBL228543
506,-147.50952103909975,-2.8467152959507884,-1.9877391258204526,6.05,CHEMBL366144
507,-148.50218037007687,-4.7952227143711745,-0.2345289257770197,6.38,CHEMBL1627728
508,-149.50221266877995,-5.0116466869070155,0.035278958929162205,4.37,CHEMBL1628113
509,-150.4703031300885,2.4081460797723375,2.359250756766139,4.92,CHEMBL228317
510,-151.52883645127022,3.454493531682952,-1.0946973723273423,7.12,CHEMBL3622015
511,-152.5224755677236,6.837097199716797,-1.4764905914688355,6.55,CHEMBL4090835
512,-153.48097279851055,3.754280252403049,12.893900898841448,4.66,CHEMBL27057
513,-154.48063873331728,3.9802326897571954,12.651931196532352,4.6,CHEMBL26647
514,-155.5287968438857,3.456557707174217,-1.0919957081441791,8.62,CHEMBL3622011
515,-156.50573086845677,-4.457323877373618,-3.011905100595061,7.1,CHEMBL1627551
516,-157.52569585318147,2.8137128725787623,0.7790858132210909,4.83,CHEMBL3612306
517,-158.52669976462252,7.755378772891662,-0.2879070930584666,6.36,CHEMBL4083045
518,-159.52684122143947,7.6488255597766095,-0.44538510599899533,6.47,CHEMBL4078408
519,-160.5116720523823,-4.23422107320342,-2.008418772866792,11.0,CHEMBL2011408
520,-161.5278430867327,7.553322867636283,-0.2669034957772207,6.44,CHEMBL4067505
521,-162.50665054071817,-4.680677992298829,-3.713639489604473,6.7,CHEMBL2011418
522,-163.48845796800296,3.411537523904555,-3.0220955697725014,6.26,CHEMBL480321
523,-164.49858033296306,1.9094177122755291,-1.1986608603322904,6.52,CHEMBL3622364
524,-165.51389850291721,5.490567327798932,-2.3517437336720084,7.52,CHEMBL275331
525,-166.5084453830637,-4.094691219797531,-3.3185017275902964,8.78,CHEMBL364332
526,-167.47850622836424,2.3537125754218686,-4.3292539630427695,6.77,CHEMBL155465
527,-168.47793685642682,2.7766044809698807,-4.678795312211088,4.5,CHEMBL311899
528,-169.48468776041025,2.898328846114681,-4.347957057624828,5.26,CHEMBL598629
529,-170.49956509493433,-7.053880060826961,0.15540050463236071,7.6,CHEMBL1627626
530,-171.49543904208377,3.864867768352403,-2.6545868389458604,7.96,CHEMBL359199
531,-172.5108472527331,-3.5660874673744893,-2.195038200493854,10.0,CHEMBL2011422
532,-173.49321013934474,4.111932283720555,-1.76948957301749,6.17,CHEMBL137424
533,-174.5074418586546,-5.0393578590749595,-3.3743626184045103,7.8,CHEMBL219321
534,-175.49792299839206,-7.100262949686922,-0.5057295325744127,6.21,CHEMBL1627612
535,-176.4824612104518,3.5085529666432738,9.762558934929505,4.39,CHEMBL422576
536,-177.4806838058917,3.963700889241399,12.723482334335992,4.62,CHEMBL286518
537,-178.48158641867,3.445589247013705,13.13519460925864,5.4,CHEMBL25760
538,-179.48194491814695,4.389520158383517,12.552093035800798,4.7,CHEMBL27721
539,-180.4842976871913,4.519081995435655,12.20300624075916,4.64,CHEMBL26958
540,-181.4825006845922,4.379968200587089,12.549493197876727,5.22,CHEMBL285331
541,-182.52849097107426,3.411378717506049,-1.0508843557044605,7.52,CHEMBL3622010
542,-183.48317563652705,4.329768135024172,12.661220437760317,5.1,CHEMBL286960
543,-184.52767799990932,3.510155095899518,-1.2981154336360239,7.16,CHEMBL3622009
544,-185.4987658599653,-6.877396307015328,-0.01612776939549217,6.92,CHEMBL1627953
545,-186.49639799798405,2.0674510602902654,0.7835938033249321,5.82,CHEMBL183635
546,-187.48155346983748,3.4382779369020304,13.126048034920514,5.75,CHEMBL27369
547,-188.50535565352328,-7.84818907204759,2.6002317634639143,7.17,CHEMBL1945910
548,-189.50728610963242,-7.719144184095838,2.7535649985854596,6.86,CHEMBL1945913
549,-190.5061603119531,-8.125699448183026,2.3873238450569607,6.68,CHEMBL1945898
550,-191.50586195439928,-8.01091304709637,2.645939262380729,7.58,CHEMBL1945900
551,-192.4925954799422,4.268879880930845,-2.756668123757394,6.14,CHEMBL137262
552,-193.505842150707,-8.009880959350737,2.647290094472312,7.29,CHEMBL1945901
553,-194.5081108034647,-7.776262118351236,2.832633474444505,7.64,CHEMBL1947221
554,-195.49862613391073,4.936008793987649,-2.2659180140756763,5.2,CHEMBL137227
555,-196.52599621769642,2.8542557035256495,1.1305370394948968,5.26,CHEMBL3612349
556,-197.50787974932769,-4.535144148007642,-2.986793270435027,7.75,CHEMBL221802
557,-198.4953601144606,3.8104748308840946,-2.5894498575527423,8.25,CHEMBL341736
558,-199.4889276584816,4.970348393106268,-4.3314726863524315,7.41,CHEMBL108483
559,-200.50209363731102,-6.479203524257729,0.7551858498528765,5.62,CHEMBL1835541
560,-201.49951980987112,-6.185512871927978,-0.36434341823566,5.48,CHEMBL1835539
561,-202.5072207729821,-7.798459090185818,2.43796950028204,6.95,CHEMBL1947219
562,-203.50669199446833,-7.9084770727026825,2.162564286965219,6.32,CHEMBL1947220
563,-204.5111314812418,-3.798796384730834,-1.490259180670899,6.5,CHEMBL219273
564,-205.49856012594435,-6.359985517963347,-0.530103430280095,4.4,CHEMBL189051
565,-206.4833516922373,2.3915303550058256,-4.823713546692106,7.79,CHEMBL592320
566,-207.49993665971877,2.2374404185761727,-3.936287511413414,8.0,CHEMBL3622030
567,-208.48632431949258,3.3251624727960314,-3.6443586899529645,7.54,CHEMBL598211
568,-209.50801578538773,-7.148063685823891,2.8546042859893443,6.71,CHEMBL1947224
569,-210.4985183138119,-6.864495210194919,0.0007576317492793009,6.92,CHEMBL1947228
570,-211.50654640702294,-7.916171714915672,2.66440136162904,7.19,CHEMBL1947223
571,-212.50501923471222,-8.045560148477126,2.404245314758151,6.57,CHEMBL1945911
572,-213.50593256949196,-8.113830439108243,2.40285841411015,6.47,CHEMBL1945893
573,-214.50579327063693,-7.187272703829227,2.684268022041656,7.41,CHEMBL1945905
574,-215.4850985647297,3.3110359698833736,-3.966001555373106,8.26,CHEMBL592131
575,-216.48530943282813,3.263241183902239,-3.8118578681751516,7.49,CHEMBL599442
576,-217.49760473683182,0.47672749885520077,0.7640905654124597,5.21,CHEMBL440159
577,-218.49976684256796,-5.871847198871213,0.15842849621266084,5.17,CHEMBL1835540
578,-219.50808992561954,-5.208159968147155,-2.426742761575402,7.52,CHEMBL3806088
579,-220.48534122384038,3.1855410279074037,-3.9606000528835437,6.85,CHEMBL592376
580,-221.49336881592038,4.320498231931986,-2.170838372328797,6.0,CHEMBL3622059
581,-222.52305036929042,3.2195958873442705,1.145927070973207,4.57,CHEMBL3612308
582,-223.4918729099639,2.6863089293231366,-2.9343534601728134,8.77,CHEMBL3797224
583,-224.4878539553887,3.443016200146359,-2.9808951909792585,5.33,CHEMBL479559
584,-225.51128860403017,-3.359211088653086,-1.8238203411410743,8.52,CHEMBL3622027
585,-226.51212351397876,1.5684911515879048,-2.0838921311772407,9.0,CHEMBL3827021
586,-227.49007150937098,1.8469032715561944,0.7104096774643163,4.98,CHEMBL121068
587,-228.4961233372049,4.70254153703768,-1.3872955127153863,6.36,CHEMBL137541
588,-229.50544142640788,-8.036272600804057,2.300747565483439,8.05,CHEMBL1945904
589,-230.52585298362015,2.8325402846860572,1.043607517885837,5.15,CHEMBL3612304
590,-231.5003874202328,0.43269234463239736,-2.3030344317373217,6.85,CHEMBL136663
591,-232.48775959825227,4.9726453063992295,-4.144405211869395,9.08,CHEMBL1672978
592,-233.49687733463153,-7.2358334036544765,-0.5283557263798644,4.71,CHEMBL1627631
593,-234.48252675703242,4.3761409226031605,12.707485775950152,4.89,CHEMBL287229
594,-235.49498664666362,-6.9108426856358225,0.10579733411667606,5.42,CHEMBL1627916
595,-236.48279835456324,2.6527083797591007,-4.115260354179794,5.5,CHEMBL65204
596,-237.49497394246129,3.8306005419239364,-2.5631086317669003,7.96,CHEMBL137479
597,-238.49579952797214,3.331754354607236,-0.8923722058123986,7.21,CHEMBL137169
598,-239.5022267614965,5.050099166219779,-1.7083365627122002,5.79,CHEMBL137243
599,-240.4809370576005,4.358082817825839,12.4964874893074,4.8,CHEMBL27657
600,-241.50825659744615,-7.464734664047825,2.7365135311589657,7.05,CHEMBL1945912
601,-242.50584961126813,-8.055820484089438,2.5361480048082847,7.21,CHEMBL1945902
602,-243.48718563945246,1.9783283490760575,-4.676691777486227,7.06,CHEMBL3235682
603,-244.50648123974844,-7.937575432884468,2.401605650267944,6.31,CHEMBL1945907
604,-245.49675851247792,-7.229640877180678,-0.520250733830374,6.28,CHEMBL1627627
605,-246.5013851669254,-6.451346858718014,1.8423685378266914,6.44,CHEMBL1945896
606,-247.4981979713936,-6.8923546683208805,0.05953984326824733,7.46,CHEMBL1947227
607,-248.5002441935772,-6.465826787974583,0.36232505497249756,6.9,CHEMBL1823787
608,-249.48794237484933,4.70009930629798,-4.1776415932816136,6.43,CHEMBL3622062
609,-250.52483158052644,3.0006402160016044,1.0017445572545602,6.07,CHEMBL3612348
610,-251.50790271085077,-7.320613031441672,3.2209184846900194,8.1,CHEMBL3600586
611,-252.48757670369687,3.45746542858522,-2.961983541697116,5.58,CHEMBL518761
612,-253.50949823121914,-4.139509882882157,-2.3679371455898006,9.0,CHEMBL3622021
613,-254.49957114693333,-4.863405314278729,1.5336227806747385,6.13,CHEMBL1947226
614,-255.4979965082859,-6.398890427797118,-0.2719320297308294,5.32,CHEMBL1835538
615,-256.5059045249611,-7.890522842663089,2.7329841530712384,7.14,CHEMBL1947222
616,-257.49489141099133,-5.5491073151080315,0.8854687053159312,5.82,CHEMBL1835424
617,-258.5095795729465,-3.9005464923357342,-2.095855075185344,7.36,CHEMBL3806285
618,-259.51136043152127,-2.5550227794970417,-0.6236399872563108,8.05,CHEMBL3805984
619,-260.49888754373984,-6.695645248427033,0.2652587083618241,7.68,CHEMBL3805064
620,-261.51025135064344,-7.035080031440129,3.5361337615625974,7.96,CHEMBL3600585
621,-262.5014039490607,2.5102353178841845,3.31702615559151,6.8,CHEMBL3805454
622,-263.506644863534,-7.232878731200487,3.065994591329473,7.48,CHEMBL3600591
623,-264.50343711481736,-1.395718784271303,-0.9142728344558307,7.85,CHEMBL3805967
624,-265.52278453569767,2.975949756576114,-0.5111836192193127,8.1,CHEMBL3612354
625,-266.50817647357593,-4.6426855250926655,-2.7881172759313535,7.52,CHEMBL3805117
626,-267.52279821490674,3.2035569511056594,1.066427125867846,4.47,CHEMBL3612302
627,-268.51275366907066,-2.858888129362316,-1.030133536153447,9.0,CHEMBL1235380
628,-269.512899368165,-2.4786679815912107,-1.6984321082982823,8.4,CHEMBL3612355
629,-270.52482697229624,2.9717001829425826,0.9053592110044293,5.11,CHEMBL3612303
630,-271.52764822973387,3.5164187964209273,-1.0136474468324421,9.0,CHEMBL3622012
631,-272.49630484047447,-7.228649869183653,-0.4476818218473802,4.08,CHEMBL135
632,-273.5247864763719,7.703221504208933,0.2020364880910216,6.51,CHEMBL3818315
633,-274.48931270476254,2.3354339060513585,-3.3852265270958624,6.77,CHEMBL3235689
634,-275.5117245386775,-3.0952179264584005,-1.1982088906278487,7.52,CHEMBL3805071
635,-276.50344744052256,-1.6358499548532959,-1.3242704096802833,6.4,CHEMBL3805656
636,-277.510419591061,-3.745156091195394,-2.1551598261924485,7.52,CHEMBL3806175
637,-278.4855543587482,2.074998029301307,-4.407204820398244,5.99,CHEMBL3235681
638,-279.5049204695002,-4.668732826003014,-2.1418502500415295,5.12,CHEMBL494753
639,-280.5191371130668,6.839476138422881,-1.4283831570274164,6.54,CHEMBL4069839
640,-281.5036548837597,4.480219642670409,-2.420646628402428,6.42,CHEMBL269221
641,-282.511759116838,-4.223660459949325,-1.7570728476527941,7.36,CHEMBL3806286
642,-283.509838270618,-3.9937282174464634,-2.021604598607621,7.52,CHEMBL3805959
643,-284.5083786938594,-4.786720132714495,-2.616522738703691,7.52,CHEMBL3805811
644,-285.5247172988661,7.838267840329668,-0.0759432518235789,6.16,CHEMBL3818455
645,-286.5239288800998,7.830678318855905,-0.17250755019992103,6.29,CHEMBL3818079
646,-287.5065111160067,-7.248641197205119,3.300178996172496,7.09,CHEMBL3600590
647,-288.5085823769632,-6.9853215644041535,3.5511105394592177,7.17,CHEMBL3600589
648,-289.52380645232716,7.810645867634055,-0.36441231874277547,6.11,CHEMBL3819591
649,-290.5253753079358,7.960254989808875,0.42613153621813515,6.72,CHEMBL3818539
650,-291.48890884984945,-0.5918363888713551,1.2024694908431641,4.15,CHEMBL367827
651,-292.46981872967797,2.503215024456515,2.395199444629453,4.62,CHEMBL228527
652,-293.47009731715326,2.095466668433349,2.6585432584347135,4.22,CHEMBL228315
653,-294.47623353646276,2.4688774543230307,1.543442547276269,6.09,CHEMBL228744
654,-295.4689747180574,2.479637766051007,2.4649441061602984,5.89,CHEMBL426204
655,-296.49319005525064,2.9202195545383467,-1.1076087170436058,6.98,CHEMBL4099681
656,-297.4923560539617,2.90792540877338,-0.9188749801413538,6.66,CHEMBL4083248
657,-298.50872788365524,-3.8620526348468505,-1.721488494363591,10.3,CHEMBL3805209
658,-299.49685318975577,-6.764409263938248,-0.5055018335626786,4.29,CHEMBL1405
659,-300.49236477797746,4.440487032154639,-2.9912498530026146,5.51,CHEMBL3622056
660,-301.5006335600733,2.2553936761440103,-0.6394014040661208,8.05,CHEMBL3953180
661,-302.49619410724824,-7.200226376430141,-0.4817520192202954,6.0,CHEMBL1627425
662,-303.52057947932735,3.0880102057728234,-0.7080063460988746,6.0,CHEMBL3612353
663,-304.4904096205045,4.531817904032452,-3.997867280884391,6.23,CHEMBL226892
664,-305.48842938823014,4.819308270634873,-3.949468615773713,6.69,CHEMBL3622064
665,-306.5089734333741,-4.112159557622885,-2.332140095162886,7.13,CHEMBL3622025
666,-307.5003483668488,-6.778638231455395,0.7967144990820966,5.55,CHEMBL1627935
667,-308.5029236745282,-1.3422574077271188,-0.874948394866919,6.4,CHEMBL3806090
668,-309.5089437278357,-4.1106114260044375,-2.3301138470255127,7.28,CHEMBL3622020
669,-310.4937136195667,2.5624365311183688,-0.5989269379269259,7.46,CHEMBL4084183
670,-311.5089239241434,-4.109579338258804,-2.3287630149339313,7.92,CHEMBL3622019
671,-312.5087718186844,-4.649456226912315,-2.1441579345161466,7.52,CHEMBL3806025
672,-313.50801488753655,-4.182687127250618,-2.2476768492223047,7.52,CHEMBL3806272
673,-314.4976564379548,2.3739349202857416,-0.5639759832450789,8.41,CHEMBL3910182
674,-315.4927883554612,5.1774778649048905,-2.7236162389421024,8.6,CHEMBL3623232
675,-316.523888721565,3.3907367090149987,1.1886972627891028,4.13,CHEMBL3612350
676,-317.5266197637706,3.0177289820114046,1.148472112027642,4.05,CHEMBL3612352
677,-318.4928687880705,4.545384910833814,-2.715340201150029,5.92,CHEMBL3622057
678,-319.50885291271686,-7.145948901151894,3.342079308210513,7.92,CHEMBL3600584
679,-320.52471178974,2.779309880503979,1.0544435773980418,5.17,CHEMBL3612307
680,-321.4924781938595,3.2024188031897105,-1.0442615510037427,6.61,CHEMBL4072794
681,-322.522005905075,3.1108058785725383,1.027466929034658,4.12,CHEMBL3612305
682,-323.5073124357844,-7.3368903507918,3.0228940013623395,7.31,CHEMBL3600592
683,-324.5086645681075,-4.010760932481293,-2.077928456418686,10.46,CHEMBL3622029
684,-325.5111432312112,1.619579494996734,-2.0170259426439467,8.1,CHEMBL3098847
685,-326.52710362819647,3.5448012094258337,-0.9764995643139448,7.89,CHEMBL3622013
686,-327.5060854135882,-7.86008361495691,2.7080555736795264,7.6,CHEMBL1945908
687,-328.5249643685977,3.7741047872208333,-1.1243793915054532,6.7,CHEMBL3622008
688,-329.4876868536138,4.812287717433522,-3.879698628775211,7.58,CHEMBL3622063
689,-330.52706402081185,3.546865384917099,-0.9737979001307813,7.22,CHEMBL3622014
690,-331.49981805533935,-1.6349154048188372,-3.458007484859575,9.4,CHEMBL3806300
691,-332.50717381105864,-7.347010722892402,2.93209633475388,7.02,CHEMBL3600593
692,-333.5245591571568,7.869937892749008,-0.18181770126343405,6.35,CHEMBL3818226
693,-334.52702441342734,3.5489295604083644,-0.9710962359476178,6.43,CHEMBL3622016
694,-335.50743061220385,-7.058450968691428,3.4369214331822064,7.3,CHEMBL3600588
695,-336.5235165053912,7.6713856752202725,0.2121128832611465,6.62,CHEMBL3819198
696,-337.5078914519572,-3.3746101451001507,-1.5344024611724503,7.52,CHEMBL3805387
697,-338.5216768009478,7.134459238925494,-0.7843696719098232,6.54,CHEMBL4061169
698,-339.50935572386624,-3.856049126262674,-1.81242230181078,7.52,CHEMBL3804911
699,-340.5235465512547,8.622123101519028,-0.42597386294235606,6.75,CHEMBL4087245
700,-341.5079946957734,-4.8208788676636445,-2.7839200607888976,7.52,CHEMBL3805090
701,-342.50652284267795,-3.9922733622428535,-2.6255506769649424,7.0,CHEMBL3805944
702,-343.52280299775873,8.377347946807069,-0.588402594034356,6.31,CHEMBL4079364
703,-344.4993082518434,2.3728536333918013,-0.2700975456977754,7.78,CHEMBL3981927
704,-345.5046019600625,5.425708371633015,-2.873185536012034,5.86,CHEMBL11548
705,-346.51065079385006,-3.9514116926062925,-1.352311135162089,7.36,CHEMBL3805636
706,-347.5252318553057,7.368160622663844,0.4684100095168108,6.75,CHEMBL4099477
707,-348.52572776198303,7.769396586572037,0.23533314114006082,6.42,CHEMBL4072568
708,-349.52599181994356,7.706742014447261,-0.3324077892078304,6.52,CHEMBL4102669
709,-350.52297832698093,8.599491543694247,-0.3678446932339939,6.64,CHEMBL4105101
710,-351.5232622749902,7.829752698576135,-0.10129931516231631,6.33,CHEMBL3819219
711,-352.49270278918493,2.7266007701783956,-1.8516551164525457,5.52,CHEMBL3622071
712,-353.52484748133094,7.569814171372519,-0.16130797666535368,6.58,CHEMBL4094925
713,-354.46889914593777,2.3589656261765652,2.6637829195059086,5.4,CHEMBL230359
714,-355.49035790986915,3.327293580899183,-1.0041276573716538,6.91,CHEMBL4066635
715,-356.5233674078228,8.583812794606903,-0.5300651536193615,6.68,CHEMBL4097394
716,-357.5064167129707,-3.4127546407395153,-1.684757984839777,7.41,CHEMBL218382
717,-358.507318029495,-3.7166283438738517,-1.594110440653721,6.0,CHEMBL425287
