,1,2,3,4,5,pChEMBL.Value,Name
0,358.81510457867216,-29.64787844799322,4.196953049958995,-1.5652961807175976,0.9657221551221477,4.98,CHEMBL76374
1,357.7801855614241,-24.729411672645917,-0.9788548628563682,3.165859819805957,2.4991257509741445,5.47,CHEMBL420395
2,356.7326043591507,-19.487267514539628,-2.2915957347946194,3.818723710945097,4.501028290969418,6.3,CHEMBL349091
3,355.63076929530155,-10.099227335218396,-3.6383769096689575,2.660523168204853,4.813647904302399,6.55,CHEMBL136664
4,354.82961579229544,-31.530401551887348,8.283214666241264,-4.677732262634548,0.10823700159063793,5.16,CHEMBL63397
5,353.8231814098958,-31.645209986401646,8.798506626255245,-4.996532338801565,1.1771688306373587,6.72,CHEMBL67175
6,352.8203290999324,-31.552555964541952,8.936780478970979,-5.31881715937515,1.7942591077019319,6.32,CHEMBL479928
7,350.94566305380755,55.1676813993523,2.0253628629278144,-6.591125530426346,-4.419367942403114,6.08,CHEMBL1627410
8,350.774007588011,-23.466190915731264,-4.821911313896368,1.477627070265719,1.6378140110769093,6.82,CHEMBL228541
9,349.7965117325448,-26.603769850492878,-1.9705557119948178,-0.5184778508871234,1.3802632564016744,4.7,CHEMBL228371
10,348.82570251068967,-31.46673155087377,8.59083409511553,-5.041402388208334,2.057386583257378,6.8,CHEMBL598009
11,347.7921545478011,-22.95467250544836,-11.067336275502575,7.4173231254562895,-11.218518511442165,6.34,CHEMBL231602
12,346.8076373121849,-24.242092730870496,-9.707767743860813,9.787508743523905,-12.736390821110872,5.05,CHEMBL27198
13,345.8350574641028,-27.82503179839923,-7.471559314527054,6.895738399202293,-13.792311510139406,5.22,CHEMBL284412
14,344.8242980714495,-31.24009639066348,7.213365579490405,-3.6862115789581065,0.8636701558725209,4.5,CHEMBL79227
15,343.77333065059736,-23.516333924027887,-4.731133849717133,1.345598087045654,2.00922593751751,6.6,CHEMBL228542
16,342.77248789367724,-19.662307895067176,-12.145395137414742,13.994412004884504,-11.61899686945516,4.72,CHEMBL27197
17,341.8264614575385,-31.497555857904604,8.160251004353693,-4.764347129415146,1.4503909914752777,5.29,CHEMBL325346
18,340.7468705131579,-22.77823216137418,-1.447279372448117,-0.16361245216804635,1.393356007925881,6.87,CHEMBL344037
19,339.7970050321129,-26.700304729579678,-2.023870651064384,-0.47973388302348907,1.2307759063974202,4.37,CHEMBL389265
20,338.7363651950157,-20.344702435904676,-3.259002594560465,4.8040402020668775,4.448093721244509,5.47,CHEMBL84380
21,337.8257915990902,-31.537433148795607,8.248926951928269,-4.807574165702093,1.7552664810137721,5.54,CHEMBL1672974
22,336.82541170992016,-31.54015992704105,8.231846600339034,-4.824030814365145,1.7768409808525616,9.89,CHEMBL1672979
23,335.6361227867827,-10.247000805127598,-3.037935324471199,3.2527251111614106,4.472055566010635,4.95,CHEMBL334696
24,334.72845312808306,-18.032395403271302,-4.632581493949435,9.521988598368099,4.163730411554124,4.65,CHEMBL305637
25,333.85458817406914,-30.9205752230208,0.059448950691195504,2.7760132932726784,-14.542974696143546,4.54,CHEMBL27775
26,332.78994752564927,-23.00134555586391,-11.807990634711084,7.627684139502522,-11.689447835116674,5.85,CHEMBL26541
27,331.7914201582976,-26.84329163521252,1.0944719391793154,-0.3164075172270782,2.0409100462574368,5.03,CHEMBL347202
28,330.766571228797,-23.598491481624237,-1.1164338634391076,1.4774939753189895,3.422300527948555,5.77,CHEMBL443552
29,329.0433739442931,52.58176070999721,7.964441526302541,15.072086936923384,12.841988528663098,5.03,CHEMBL184540
30,328.04489553952567,51.83435374583962,6.794047784226169,13.110304511660798,14.798291272734849,6.75,CHEMBL186816
31,327.83034699396865,-31.801797632948336,8.374022001098414,-4.678550722200877,0.42650722792125095,5.3,CHEMBL63504
32,326.8263243873081,-31.646139191315736,8.227250891135187,-4.765518642335368,1.73456401617109,6.72,CHEMBL390496
33,324.9565838560513,54.489525133455786,2.4548615965488496,-5.261180290209797,-3.8573894973733367,5.99,CHEMBL1627553
34,324.82604565671863,-31.594655854748833,7.911519093273348,-4.514349145905978,1.4138714087099855,6.62,CHEMBL1672982
35,323.8157773163489,-30.57202647887659,4.9024644486420526,-2.0832729548638853,0.1373867971232234,6.72,CHEMBL137119
36,322.7501243101816,-24.310224746759232,-7.422382206305331,-1.5069170158360368,1.580729706990781,4.99,CHEMBL181078
37,320.9476002451159,54.86063389056033,2.034064943248771,-6.504459488017509,-4.441392066409729,6.96,CHEMBL1627418
38,320.81234362432605,-29.772561801103393,3.586876450973646,-2.2787163965217374,1.2888238207165157,6.0,CHEMBL26036
39,319.5482479941967,1.8576765321604776,-5.264938975851401,19.506762556652664,6.622386998133969,7.35,CHEMBL137289
40,318.8183728964044,-30.89352243874855,6.1638234591889915,-3.549765067721021,0.4329470045612713,5.59,CHEMBL137313
41,317.7762037016977,-23.786324918763068,-4.875107746773334,1.5284568826494267,1.4056318484744073,5.38,CHEMBL426202
42,315.8244603728585,69.01589148238907,5.23279002260766,2.821454395053691,-0.8001489369440568,5.25,CHEMBL1627428
43,315.72093143148135,-13.00612884457181,-15.795843870528467,20.353274649378413,-9.957235922729161,4.3,CHEMBL285011
44,314.64562689330404,-8.729879589058006,-12.31762402046115,16.43517210040368,7.458415061638337,7.25,CHEMBL44459
45,313.7708837102351,-23.90912033731449,-4.017523532587277,0.6931988008851923,3.066609969571236,5.34,CHEMBL389890
46,312.8185139181853,-31.754636376310415,7.757131671294689,-4.141146846316561,-0.5372782095572222,4.1,CHEMBL1159897
47,311.775528568063,-23.84612646332189,-4.7723561896338,1.4886553381649004,1.8267952499101712,7.3,CHEMBL389889
48,309.73475684570604,79.23934557079284,8.368161885065119,7.60516901553822,-2.976281024399886,5.7,CHEMBL1627411
49,309.7411436314622,-20.035340272265913,-5.7869042076609905,3.4552583395763463,3.8888178287183472,4.89,CHEMBL228797
50,308.7698991776886,-23.935842933103544,-3.8141691174544534,0.42521246515970734,3.8822406973076498,5.4,CHEMBL389867
51,307.77342633469925,-23.90894015548941,-3.929698734435084,0.5792603806271144,3.4805377912412436,5.1,CHEMBL444886
52,306.8098166114635,-28.889976242591356,2.3741008640258587,-0.06525282747856596,1.303615467595514,5.23,CHEMBL306782
53,305.7479716887488,-20.63698588712776,-3.4132399291978883,7.515697280655781,3.5852991354303576,5.32,CHEMBL80330
54,304.20484653083776,35.576976409853145,5.105121256670428,9.679619713505256,15.277018586846845,6.58,CHEMBL187900
55,303.7980508268958,-27.254953533923953,0.593035313087897,1.4881402860832105,1.764716625506897,5.42,CHEMBL78282
56,301.94486019302343,54.81964698544432,1.3943007316322888,-6.146040583658599,-5.1596845845803285,6.96,CHEMBL1627421
57,301.03904151633697,52.56200468222306,7.05787974522842,15.717642368448338,12.46863218682916,4.91,CHEMBL188214
58,300.7660167294566,-22.99787270760022,-2.195493303633899,5.437829396342001,3.0223484659687596,5.3,CHEMBL421505
59,298.67902583135157,86.3911971227315,5.0913538173458655,14.111339244797783,-1.4735502953108133,6.36,CHEMBL1627427
60,298.1105779859006,38.260658993249095,-4.981358541579238,-6.697083703719221,0.9194467714433817,6.58,CHEMBL1945897
61,297.7177587043798,-19.204418763932143,-3.294282513522055,2.0865558203934778,3.1273505724155517,7.21,CHEMBL138488
62,296.83068202109104,-32.034241011987646,7.959234800413885,-4.190292964796946,0.03448583087812947,5.15,CHEMBL305077
63,295.82741687666754,-32.23436449510872,8.70822993609289,-4.746424726374978,0.79349963746914,6.11,CHEMBL65211
64,294.7744426169701,-24.030391975765106,-3.9348741803840657,0.5648618326633054,3.4050457726174646,5.4,CHEMBL387708
65,293.06810081515255,44.658858249502664,-13.304070945559465,3.789260886979027,-0.018250231465541198,6.72,CHEMBL385226
66,291.6085033784741,95.56057778331433,0.2221616216759221,22.503334419479568,0.760836700040635,5.22,CHEMBL1628149
67,290.9493235709251,54.558518410017925,2.0340866933568327,-6.424873080034844,-4.455118771463236,7.62,CHEMBL1627429
68,290.0112568556384,50.04415725448643,2.359628424454013,-1.343028620962016,-0.3394354587208935,7.21,CHEMBL270250
69,289.8304373375396,-32.105117258278916,8.053831117542552,-4.246547376011225,0.37622838100296574,5.28,CHEMBL63345
70,287.9461473632576,54.71845989837674,1.2161564277450765,-5.899293700502016,-5.022317362059492,7.66,CHEMBL1627617
71,287.83325252913306,-32.22563072585356,8.339718754409848,-4.446388888334329,0.3271968381458021,5.34,CHEMBL65399
72,286.8274623852386,-32.06068023707173,8.288174374746239,-4.710732472117407,1.7195570894869496,7.4,CHEMBL108646
73,285.79245719372426,-23.608021019159054,-11.596224265549724,7.515793260445743,-11.338216669002605,5.16,CHEMBL25794
74,283.86142554684227,64.16653068613073,5.324501285984306,-2.9155880547067934,-4.2061085220503545,4.84,CHEMBL1627625
75,282.8576626374993,63.55750394165013,2.5218025023248822,-4.058463751223235,-2.2411252748543755,5.85,CHEMBL407952
76,282.83167639194835,-32.24086104428606,8.524545529049595,-4.736923968472529,1.083010619321279,5.24,CHEMBL63838
77,281.8202041122975,-26.774158670939336,-8.386783612182688,6.081206113502021,-13.035373530426604,5.5,CHEMBL26969
78,280.11751546855305,38.476122397231094,0.6289142217231366,-3.752407623744695,-0.9085930933133368,5.3,CHEMBL220493
79,278.95018049456115,54.43277028617398,2.043143351850131,-6.380903136479881,-4.467083239596694,6.19,CHEMBL1627606
80,278.10776854093126,37.87887477669605,-4.339693202311834,-7.1978521267255,1.1633437555344213,7.13,CHEMBL1947225
81,277.11055648644844,37.70980747830429,-3.887737563368647,-6.73001046059962,2.8355745481629073,4.77,CHEMBL1835542
82,276.1097856119958,37.657198040994324,-4.058762008911676,-6.616982231685125,2.371294675477831,4.58,CHEMBL1835543
83,275.8300232786746,-32.13519195949016,8.241207842593886,-4.5326342482661826,1.6702863169130497,5.2,CHEMBL598628
84,274.8302820119453,-32.14930930106929,8.227988992006546,-4.509877787344906,1.5770267078655409,7.54,CHEMBL609618
85,273.82802289314026,-32.188445984335786,8.282403353668814,-4.672934332222415,1.73286479193654,8.64,CHEMBL1672977
86,272.8283034428803,-32.20460616010142,8.30731711719872,-4.686925952549205,1.6965967100916672,7.26,CHEMBL1672981
87,271.83014023323767,-32.176110001318314,8.247880739831848,-4.52354688398972,1.6441657267384748,7.46,CHEMBL598199
88,270.12007480315964,38.35989989329734,-0.03900953643248246,-3.193989482491598,-0.8336426352968769,7.4,CHEMBL229993
89,269.7789596392305,-24.156893274610127,-5.42565783780883,2.013629857367148,0.6357696387721364,5.6,CHEMBL228914
90,268.8003585929864,-29.223601539292517,2.8939420253452477,-1.4005349584028706,-0.04548096263400013,7.66,CHEMBL137392
91,267.82993721916984,-32.25032475816668,8.279385562284075,-4.6254230750830905,1.720989665286019,5.54,CHEMBL1672975
92,265.94970368549104,54.295935978830336,2.0840792785360183,-6.389389197332275,-4.472000352288117,6.89,CHEMBL1627640
93,265.1166804343492,38.724820308341805,-0.8707791849229767,-2.5803653741478865,-2.113650976692943,6.0,CHEMBL366014
94,263.92446760222293,56.08481115485939,-1.9086026067394468,-4.543161451433089,-6.287519896200833,10.4,CHEMBL3806018
95,263.11353280014396,37.656365411930025,-3.99729964270602,-7.4341073295761655,1.6022747751379347,6.46,CHEMBL1945895
96,262.10573918263026,38.6620400863292,-6.8019669774662885,-5.714421536644187,1.0099516718396657,7.36,CHEMBL1945899
97,261.84436580029865,-30.022030494097297,-3.601356482447377,4.435551622935945,-14.49706985731638,4.96,CHEMBL27864
98,260.830307838233,-32.31587235021411,8.2422617439203,-4.585063677563246,1.6719989760004312,7.77,CHEMBL1672976
99,259.82890608685994,-32.25702644024142,7.792146892497334,-4.089752550453649,1.0432405451416837,7.66,CHEMBL1672980
100,258.60087280774684,-11.136282277477587,-5.025832490597145,-8.421784145308493,-1.400470307914073,7.35,CHEMBL137391
101,256.8447113555091,72.62224429716265,16.892115326867092,19.986671686934248,12.645236328033397,6.54,CHEMBL137708
102,256.8003119042984,-29.444347730450513,2.8422263158910033,-2.0492340940673084,0.8936027328607198,8.25,CHEMBL137217
103,255.86011929219012,-31.811979170126488,0.6109278152346006,2.714748659235351,-14.241901662433929,5.32,CHEMBL26414
104,254.72556928646836,-18.651225563218848,-4.822650823899579,9.525207900321746,3.226728484338596,6.39,CHEMBL137692
105,253.83533384767506,-28.79269273303463,-5.128553321314487,5.152981591684914,-14.155002214839318,4.75,CHEMBL286712
106,252.65866105942146,-12.094455401114853,-6.040067643395433,9.633009818729033,3.0900487235147645,7.11,CHEMBL137707
107,250.7173678764357,81.28338768292951,7.532436912472848,10.059518544407034,-2.62448556140122,6.03,CHEMBL1627433
108,250.11104129135995,37.53243113170747,-4.215794761000699,-6.272329920666685,2.549626775444928,4.37,CHEMBL1627869
109,249.7306134117769,-15.627549868653597,-11.411796630063016,14.172963480885278,-8.99028191720506,4.82,CHEMBL27368
110,248.83295082840706,-32.52158921488357,8.056616891906089,-4.1240509249054025,0.3475929435905713,5.16,CHEMBL434211
111,247.82726054732166,-31.661635254121066,5.881017627901075,-2.3953326972852547,0.7746833497224501,4.88,CHEMBL77121
112,246.82943258613858,-30.62857115161743,2.0822194107752523,-0.7935365171347161,-0.12565393928882918,4.24,CHEMBL376171
113,245.75467437869216,-25.087767468863873,-7.428580040518682,-1.256909001872471,1.517491934607516,5.75,CHEMBL182155
114,243.9469383479839,53.976520212909946,2.3540382859613973,-6.419559904385855,-4.122845907014578,9.41,CHEMBL1627878
115,243.11939397761685,38.226862735570634,-0.7504897964969247,-2.7320698385539353,-1.9228291794631904,6.28,CHEMBL389320
116,242.7826540683248,-24.555327847431343,-5.151964325594798,1.9967905259748175,0.2506837823666448,5.35,CHEMBL228916
117,241.71075537382671,-20.02425934850168,-7.359306747420295,0.7347290557919489,5.296582542134836,5.13,CHEMBL332811
118,240.78016773604028,-24.489028779135587,-5.489139189296183,2.3219446920616407,0.20947378128272526,4.7,CHEMBL228915
119,239.7782079230437,-24.375557188070555,-5.761214506686358,2.424619134924474,0.581061904459005,4.46,CHEMBL375730
120,238.78190031129037,-24.507734016684743,-5.4413211753324955,2.2907615061452864,0.3645637958947861,6.14,CHEMBL375729
121,237.66546271066807,-15.259839792533198,-4.640006334387487,0.37297130715789656,4.739830830976683,7.3,CHEMBL137513
122,235.76987409238714,74.75970393335295,8.040646310447334,4.736444080986126,-3.1389284059130595,5.46,CHEMBL1627871
123,235.8253450795411,-32.072775859904006,6.320517906730657,-2.688035434105662,0.14532067420106823,5.79,CHEMBL137156
124,234.641423532644,-11.026313847212215,-2.386160261115705,3.911987337064094,3.4600979353931334,4.61,CHEMBL342715
125,233.8319432416767,-32.580491202707584,8.431951567805221,-4.669918557049314,1.5599854452562074,6.04,CHEMBL479551
126,231.8600703995494,62.774845055824834,3.3422986307190254,-4.669373077405299,-2.127606345396656,6.89,CHEMBL408967
127,231.72352894636677,-20.224494966720773,-5.241578538779846,1.4397735765899558,4.409571861041356,5.42,CHEMBL333727
128,229.95286352409718,53.935237380937004,2.0601188542591196,-6.2436130606241536,-4.4676628092060255,7.1,CHEMBL1628091
129,229.83150003590262,-32.557890681866404,7.68173345525542,-3.9442610099463904,0.7101870717912947,6.27,CHEMBL390717
130,228.83136507973822,-32.56592050951567,7.687912428678396,-3.9273510940917102,0.7456422770663859,6.42,CHEMBL226736
131,227.83239155399156,-32.65430139374778,8.25173919555513,-4.488456508820291,1.6783869291225213,7.7,CHEMBL322322
132,225.70116473567586,83.33964492417198,6.316683960893312,12.22685713697265,-2.0808856502673363,6.11,CHEMBL1627417
133,225.74642161839722,-20.893311408099812,-5.7273424234401356,3.6968559242351238,3.9776728026291064,5.4,CHEMBL376176
134,224.8402029852217,-29.044372151126904,-7.859850532405644,7.074082232392516,-13.597355270934427,5.1,CHEMBL26041
135,223.77770824834573,-24.748845189622415,-3.8495441191418642,0.704639559516147,3.6497580825999205,5.64,CHEMBL229010
136,222.8346357615634,-32.799714060691954,8.007099482207604,-3.9312228106737934,0.24954462470196437,5.32,CHEMBL65446
137,221.8610280849254,-32.05510144215332,0.24440568560836765,3.0869197757015723,-14.592479234133716,4.92,CHEMBL26970
138,220.09773912790763,43.95823406625777,-0.43901109771060237,9.804675894899969,6.302028088104021,7.96,CHEMBL435988
139,219.12191014511345,38.00009525135696,0.03706516624846889,-3.1806473909637156,-1.431305104829058,6.53,CHEMBL1945894
140,218.09739190336435,38.962971584922016,-7.565392675456742,-5.821951063972763,0.6269147553547005,7.75,CHEMBL1945903
141,217.11236337199637,37.20970833597214,-4.096776662673802,-6.326529064126371,3.0976760735054496,4.37,CHEMBL1628113
142,216.11625254077273,37.17767563865186,-3.984621278847042,-7.331396297367774,1.5982060227857564,6.72,CHEMBL1945909
143,215.77683535911967,-24.70125823895818,-4.865741685493372,1.7117651752425191,2.730899181879353,4.89,CHEMBL229061
144,214.75516159284638,-25.47793871879839,-7.313559339326818,-1.2126814483135326,1.1277828278220858,5.55,CHEMBL359751
145,213.81049809504506,-28.095368348727572,-1.8309377245610265,1.9166543954353965,0.8657974089455757,4.92,CHEMBL228317
146,212.7536644528223,-25.421582486091243,-7.7986426434590586,-0.6604329430717069,0.48768989151957953,5.72,CHEMBL179014
147,211.11645589285882,37.129309433928356,-3.9912636005005204,-7.281950415813682,1.599430377412897,7.7,CHEMBL1945906
148,210.77720235650156,-24.47836627594127,-5.936749648899042,2.7580629690314677,1.881869726209728,5.3,CHEMBL228543
149,209.1127713279003,37.100639448862516,-4.1553618835567425,-6.124404516512209,3.119632217725196,6.38,CHEMBL1627728
150,208.1060757505785,37.39379653653674,-4.992007657246211,-5.6696707859940885,2.4073210191251047,6.05,CHEMBL366144
151,207.7147643723764,-19.286676924694955,-3.8125368360916663,7.328238224005515,4.499043864691825,8.62,CHEMBL3622011
152,206.64387353950943,-10.056370348266132,-8.682127766558493,15.702339257036913,6.737301011708817,7.12,CHEMBL3622015
153,205.8484789931368,-30.715758912631443,-3.548577236794734,4.51015088008161,-14.911889216909437,4.6,CHEMBL26647
154,204.8228472922631,-32.73133305375254,7.43029298264381,-3.4415239479574677,0.9131485119436009,6.55,CHEMBL4090835
155,203.12678193171317,36.665860069365266,-0.8506796628272921,-5.23765747619692,0.40532903713848334,7.1,CHEMBL1627551
156,202.8525986288492,-31.176317797350634,-2.6593889096635666,4.181968548600748,-14.44879923255277,4.66,CHEMBL27057
157,201.8155785987455,-32.320309926735135,5.273686649268652,-2.0810319634602754,-0.31341327524795043,6.36,CHEMBL4083045
158,200.81476876699205,-32.465923443118434,5.947697256164246,-2.621083396368839,0.18051356020837542,6.47,CHEMBL4078408
159,199.70251912272633,-19.200550293791835,-10.137273295720453,8.163985717490274,3.1428963093592945,4.83,CHEMBL3612306
160,198.11138959216174,36.84533855980053,-3.416342922699621,-6.7615029251338115,3.564301640225036,8.78,CHEMBL364332
161,197.11030103137148,36.79454454981461,-3.577645060576529,-6.645986662902842,3.16355151899298,11.0,CHEMBL2011408
162,196.8254727909949,-31.868378306558466,2.041332835383163,-1.125070746194599,-0.5513305009066592,6.52,CHEMBL3622364
163,195.12733534302237,36.67812476717658,-1.2152945385813538,-4.788064049764874,1.172335091633403,6.7,CHEMBL2011418
164,194.83428775275698,-32.97342939727119,8.428529377383116,-4.563131534870986,1.5412827248446075,6.26,CHEMBL480321
165,193.11023744699412,36.895435525896715,-3.9252852660248205,-6.36626495480126,2.7570378125880444,10.0,CHEMBL2011422
166,192.81698886253406,-31.99291658804585,5.447644138907105,-2.20464755665107,0.652024110979146,7.52,CHEMBL275331
167,191.83538620175705,-33.097030685968015,8.105841697130877,-3.950511280352805,0.8463384306537726,4.5,CHEMBL311899
168,190.70894411232874,-16.67093153602505,-1.5426764449633221,8.464595394171878,5.782293836345207,6.77,CHEMBL155465
169,189.81912320813078,-32.54416558475368,5.756297574946444,-2.3999539111205883,0.20945960694031787,6.44,CHEMBL4067505
170,188.12302304518343,37.53701965693684,0.6647193609081408,-3.4951294263560415,-0.9451318427812007,7.8,CHEMBL219321
171,187.1052132646636,43.31434201823183,1.0179880973096604,10.80531461328292,6.646360645456955,7.96,CHEMBL359199
172,186.83593894200953,-33.113838970604526,8.595563828596191,-4.554283534141317,1.9108228354917582,5.26,CHEMBL598629
173,184.9413166531914,55.413988393942596,-2.554501958680378,-3.3818980141700936,-5.2116904623049845,7.6,CHEMBL1627626
174,183.8637320891328,63.41210876535733,4.6779438372028395,-2.7222595625113897,-4.461609965302901,6.21,CHEMBL1627612
175,183.83272324872857,-32.938294356551424,7.243235180988602,-3.241076764692705,0.27539707442041667,6.17,CHEMBL137424
176,182.86230667760202,-32.56297449732218,1.1427872698144819,2.7385706556718934,-13.70177044783441,4.39,CHEMBL422576
177,181.75026645503957,-20.102512321783898,-11.672669868757378,6.051150153885755,-11.056799402381703,5.4,CHEMBL25760
178,180.85722361686234,-31.732986090108966,-2.043680483608474,4.099117202843797,-14.850228754302792,4.62,CHEMBL286518
179,179.8631789855365,-32.516490836621,0.17219807602119047,3.4325795823892875,-14.922135378463585,4.64,CHEMBL26958
180,178.85923125892697,-31.65848792481147,-2.375848645821763,4.806689374412442,-14.744056781919799,4.7,CHEMBL27721
181,176.95637203299927,53.40010330523641,2.0335935859825085,-6.053910142523965,-4.542384855360702,6.92,CHEMBL1627953
182,176.8535761493797,-30.813714581621728,-4.213050200379682,5.843964571326801,-14.558433431464392,5.22,CHEMBL285331
183,175.73456671213842,-21.91958301051352,-2.5821727163633867,5.354500622627678,3.955192555365826,7.52,CHEMBL3622010
184,174.76996420434202,-26.484324587567297,-0.13284504775708136,1.2950357681369171,2.972488048650777,7.16,CHEMBL3622009
185,173.76913165151112,-20.901231119623585,-12.144633616419716,10.248822177556624,-10.427643579757726,5.75,CHEMBL27369
186,172.83286555320947,-27.9860954892348,-8.128020955300064,8.467651783445692,-13.548302595080385,5.1,CHEMBL286960
187,171.1186964294724,36.800549723989505,-4.325737968275871,-6.922510451381298,1.3217876848451053,6.86,CHEMBL1945913
188,170.11488511561183,36.81674860928318,-4.276213098172684,-7.084059633615964,1.3529512174026568,7.64,CHEMBL1947221
189,169.2101421500225,34.24681936525592,4.693031800513465,10.56239573126335,15.100742670609826,5.82,CHEMBL183635
190,168.1193629907174,36.6910085167612,-3.990980863158045,-7.172256984052863,1.5521635230124373,7.17,CHEMBL1945910
191,167.67143821028924,-15.131485665662197,-12.310286696536975,11.878220934033239,3.9243673240589247,5.26,CHEMBL3612349
192,166.11850956436717,36.78033903398424,-4.39875975030932,-6.882945045836921,1.2219474946262932,6.68,CHEMBL1945898
193,165.82020616060063,-31.418282586445592,3.8564725582803803,-0.8850364570955945,0.08732502051137013,6.14,CHEMBL137262
194,164.10486137402447,38.589085251595115,-8.5848329581421,-4.489499324056605,1.0024149307181076,7.58,CHEMBL1945900
195,163.72380212174153,-20.538595237159743,-3.283088546210434,2.359508330506813,3.3958969125820055,5.2,CHEMBL137227
196,162.0258114476892,52.18946996108617,9.419102556523702,12.553556621886276,11.039863349677201,8.25,CHEMBL341736
197,161.09653027047864,39.805155488819906,-10.482877623323446,-3.228478459005094,1.4141694151525868,7.29,CHEMBL1945901
198,160.83645517168983,-33.331560528926055,8.250177767518519,-4.298163492273582,1.6416235009383917,7.41,CHEMBL108483
199,159.11858843073526,37.248328711767904,0.5501358568483621,-3.3026058215350846,-0.9584894540862956,6.5,CHEMBL219273
200,158.11769538243536,36.53137374253534,-3.6717179988853816,-6.520070088636438,3.1616479058580618,5.48,CHEMBL1835539
201,157.11982799782902,37.122965519431,0.9550629530703183,-3.5471234323315612,-0.6103545246614152,7.75,CHEMBL221802
202,156.11920751259873,36.5230327518356,-3.731526447132306,-6.474698221161853,3.159633900770704,4.4,CHEMBL189051
203,155.11811895180855,36.47223874184965,-3.8928285850092132,-6.359181958930887,2.758883779538648,5.62,CHEMBL1835541
204,154.11901858258935,36.543280654203656,-3.948113378374992,-7.178190744239531,1.5475617772396482,6.95,CHEMBL1947219
205,153.1189661628826,36.53002265568479,-3.9333151033035025,-7.183425413555313,1.5558402338072315,6.32,CHEMBL1947220
206,152.11880680950395,36.60447452790629,-4.469832895801153,-6.614589786311837,0.8983089330012616,6.71,CHEMBL1947224
207,151.81288737872978,-31.76451717796095,4.347266515507296,-2.3736603894517185,0.7283241087895398,8.0,CHEMBL3622030
208,150.83793580329743,-33.48158224203177,8.495141015556804,-4.379479612034569,1.4670280105312734,7.79,CHEMBL592320
209,148.95774303438003,53.11656061324222,2.044962108589875,-5.977003843481633,-4.531106712932912,6.92,CHEMBL1947228
210,148.83772782012446,-33.42664584194663,8.242398528776638,-4.138077842194319,1.5378231756851355,7.54,CHEMBL598211
211,147.12054988934904,36.47483024024021,-3.9775006599388205,-7.118012901167927,1.550060587674549,6.57,CHEMBL1945911
212,146.1197374976657,36.57725264783091,-4.397430634319682,-6.823297907002369,1.209046989074486,6.47,CHEMBL1945893
213,145.1199257834757,36.56826750494675,-4.4023556328007585,-6.8041798318061995,1.1995478764335752,7.19,CHEMBL1947223
214,144.12065233503384,36.46254280091199,-4.217479999265707,-6.003772885411924,2.3965234921463607,5.17,CHEMBL1835540
215,143.12016683866406,36.405705124042356,-4.007397152704593,-6.992157117943623,1.3707517631987909,7.41,CHEMBL1945905
216,142.83777023141172,-33.483909500118656,8.262489644000384,-4.1427998680139515,1.6030271187252978,8.26,CHEMBL592131
217,141.26224101294238,17.703191026240702,-17.484091882239944,-14.299528121394427,6.6580778322177006,8.52,CHEMBL3622027
218,140.72116030166163,-21.153474302670855,-7.067003113280682,0.9336414978865416,5.437368364768301,5.21,CHEMBL440159
219,139.83806716958117,-33.509065860364004,8.224409136415765,-4.142494281997403,1.5198152785348615,7.49,CHEMBL599442
220,138.8377259659929,-33.54207127850052,8.43225090215409,-4.396119546134231,1.505161309299547,5.33,CHEMBL479559
221,136.95216271791608,52.95667955847681,2.046876825294484,-6.1322584461315275,-4.855534380125194,7.52,CHEMBL3806088
222,136.83854410181135,-33.54157229527096,8.218125604518123,-4.129356981925087,1.4756577225786276,6.85,CHEMBL592376
223,135.8194373454958,-30.634397183698404,1.503611872118613,0.11649454986512509,2.3512558186437817,6.0,CHEMBL3622059
224,134.72333587701146,-21.40761083627988,-4.68323411086999,-0.6558212484985483,6.077154229974496,8.77,CHEMBL3797224
225,133.73992341414566,-24.058624776535236,-6.756013547619395,4.711392649421987,1.2647909820702172,4.57,CHEMBL3612308
226,132.6725789125753,-15.476848038123254,-12.163547647606446,11.795140162642168,4.508062502030592,5.15,CHEMBL3612304
227,131.5405569633251,0.1276536447270223,-5.2848650494368945,16.621405778896317,7.592082517357427,9.0,CHEMBL3827021
228,130.72414633359256,-21.1820758085527,-7.719499405510653,1.5325642010129383,5.034796931478226,4.98,CHEMBL121068
229,129.83262380801534,-33.43091773683832,7.197749701950854,-3.259180283041239,0.49371666538015824,6.36,CHEMBL137541
230,128.838232175077,-33.65533860147119,8.251683373233144,-4.194175671936709,1.6362224576993403,9.08,CHEMBL1672978
231,126.84615875896249,70.98369735017539,14.800647183614272,18.933931350769942,14.772675745569511,6.85,CHEMBL136663
232,126.12175793011342,36.263817210905984,-3.976357541871266,-7.05126934790607,1.5247507371280198,8.05,CHEMBL1945904
233,124.9691736544704,52.382356806836164,2.7801301036343413,-4.943068006021073,-3.9315457039008233,4.71,CHEMBL1627631
234,124.12023266843802,37.47346729025146,-0.34265170606946743,-4.483675517583323,-2.4775682096682066,5.42,CHEMBL1627916
235,123.12608287776969,38.74925410756283,1.5629463652447724,0.7190111229106945,6.120195122224157,7.96,CHEMBL137479
236,122.8478132765535,-30.106038928504233,-6.252887547198107,7.167572105886262,-14.12305833231847,4.89,CHEMBL287229
237,121.83877435657077,-34.001420043505156,8.625662118670423,-4.150363708707967,0.33500751210044716,5.5,CHEMBL65204
238,120.83508207402176,-33.525106343750686,7.428541936986813,-3.5048378118690975,0.9342435965497077,7.21,CHEMBL137169
239,119.83140909200148,-33.24655282869268,6.215793547187089,-2.112836125018646,0.07808427238210881,5.79,CHEMBL137243
240,118.12149791106069,36.14171290183703,-4.1326353145055315,-6.901927862016875,1.115975824305755,7.05,CHEMBL1945912
241,117.11268971230777,37.10659141792587,-6.220490614371531,-5.929186248663552,0.7620924410921617,7.21,CHEMBL1945902
242,116.8664513226431,-32.831542565189,-0.88075875793349,4.109208986192864,-14.812344977879404,4.8,CHEMBL27657
243,114.5734632290908,95.8545857436794,6.725644973429111,14.363080021505835,-2.0981414441198782,6.28,CHEMBL1627627
244,114.83594900470322,-34.118742125848065,9.395462306204086,-4.880412729655874,1.9068550882591528,7.06,CHEMBL3235682
245,113.12275582228038,36.133678203495215,-3.988713200732802,-7.000400909933679,1.5173441982473659,6.31,CHEMBL1945907
246,112.10293922326828,37.84722233584825,-7.720464664423165,-5.421488114796755,0.143427498971139,8.1,CHEMBL3600586
247,110.96038844209235,52.72501617311076,2.055714942455364,-5.854674545648952,-4.667910661119173,7.46,CHEMBL1947227
248,109.95657254051339,52.81872726496114,1.7367298688435824,-5.739354988698985,-4.889845081577078,6.9,CHEMBL1823787
249,109.12289674867917,36.23818553240288,-4.560828717703006,-6.446344147270255,1.2530163163004364,6.44,CHEMBL1945896
250,108.83956786594065,-33.846700857730525,8.434244576138546,-4.306648837882398,1.4858105509718367,5.58,CHEMBL518761
251,107.11991287948064,36.16297416571497,-5.724551788461116,-6.350166552082275,1.2344565480181824,6.13,CHEMBL1947226
252,106.71066220615647,-20.234488009603925,-9.804297543099448,8.151358228216962,3.0975918451797835,6.07,CHEMBL3612348
253,105.83951567143936,-33.890880871490864,8.258778715873271,-4.112003999075401,1.6307057782616041,6.43,CHEMBL3622062
254,104.12235159778459,35.9933743310418,-3.725438013597402,-6.318022071319202,3.1284166988427105,5.32,CHEMBL1835538
255,103.13186706243167,35.84898194459279,-1.613974789652022,-4.263204886445984,0.7635677861150283,7.36,CHEMBL3806285
256,102.2554820605296,18.10073088610926,-20.66574199889988,-13.224055015005758,6.8544644911042045,9.0,CHEMBL3622021
257,101.12436318878284,36.00269216636195,-4.457680459427111,-5.576015995711902,1.7533078932877184,5.82,CHEMBL1835424
258,100.119170689227,36.103403303057306,-4.262504004499112,-6.883137283107435,1.3174497149151823,7.14,CHEMBL1947222
259,99.11828355224338,36.05640053597776,-4.4336110401209705,-6.787979177400427,0.892039845734758,7.96,CHEMBL3600585
260,98.11851572543975,35.96150317361979,-4.420577582469159,-5.7957139492796905,2.6162529706076425,8.05,CHEMBL3805984
261,96.95710574119038,52.68543388416981,1.7758691319448106,-5.718698374595201,-4.869677580600557,7.68,CHEMBL3805064
262,96.12256703124392,35.91853801013418,-4.123281542420959,-6.884446481079315,1.0882830865995587,7.48,CHEMBL3600591
263,95.8269651555112,-33.22757211972272,4.796151027657346,-2.3586105945445603,0.10673203086503585,6.8,CHEMBL3805454
264,93.09837036994618,141.47989382538967,26.070671256642942,19.880695567336907,-5.468888295165018,7.85,CHEMBL3805967
265,93.26532338472438,17.21759041134747,-17.502283230976623,-14.141871060385075,6.6277928549214264,9.0,CHEMBL1235380
266,92.76193300241329,-24.86083183799303,-0.5580170057797861,3.877366764842796,2.0960760345072362,8.1,CHEMBL3612354
267,91.17515565186721,27.663206346705376,-17.092835395128954,-10.648296686879478,2.0372751410016106,8.4,CHEMBL3612355
268,89.95643851154578,52.4075998646927,2.375085182255404,-5.953590762292057,-4.303879514153033,7.52,CHEMBL3805117
269,89.70427112145474,-18.174771379065533,-5.022109398319395,9.772936012151815,4.982656425009811,9.0,CHEMBL3622012
270,88.7107591651388,-20.407226953834652,-9.658688242760112,8.017577388816516,3.6922524528704876,5.11,CHEMBL3612303
271,87.74173947974592,-24.515684661380632,-6.608543484894568,4.66111780438992,1.8413908819883904,4.47,CHEMBL3612302
272,86.13452476551595,36.60545469051187,0.3535231844443609,-3.0293833058804203,-1.3885010988909563,4.08,CHEMBL135
273,85.80757408018894,-30.2934189558522,-1.4030098354019214,3.775094021393166,-0.7577140247383652,6.51,CHEMBL3818315
274,84.83219830016554,-33.41640898706207,5.8230810524986225,-1.9801970107072822,-0.18473054039294354,6.77,CHEMBL3235689
275,82.95570643727322,52.44672935809714,1.9599434850549713,-5.688918112087747,-4.576119956686687,7.36,CHEMBL3806286
276,81.01885715807187,149.91307761228674,32.57894797462852,21.00814981903281,-3.613757584797912,6.4,CHEMBL3805656
277,80.95065609771662,52.6132851997599,0.5792388962482017,-4.466253538066207,-6.787104374802202,7.52,CHEMBL3805071
278,80.83806267327182,-34.306354651765254,8.772022603131028,-4.2209711749468255,1.4797395390313974,5.99,CHEMBL3235681
279,78.95629500535253,52.3736712698479,1.8192163461968056,-5.382244127562716,-5.140071065022455,7.52,CHEMBL3805959
280,77.9571262886738,52.26103217212554,2.2620743793539253,-5.775229277145999,-4.677387580690826,7.52,CHEMBL3806175
281,77.83268654381806,-33.761858704930475,6.547173549485602,-2.3412727298286797,0.3647042876200973,6.42,CHEMBL269221
282,75.94761744003875,53.19992448222118,0.13891196064732825,-4.790181034829101,-5.1218090382644865,7.52,CHEMBL3805811
283,75.12147524471435,35.61146313870605,-3.6904497031185537,-6.040795863740523,2.7453685098386083,5.12,CHEMBL494753
284,74.82985240644508,-34.06164241119688,7.4940704449001725,-3.1139593450299823,0.8116669907473394,6.54,CHEMBL4069839
285,73.8267463172538,-33.07722315905894,4.129554901392945,0.17754756867690982,-0.3158076303204706,6.16,CHEMBL3818455
286,72.11986918995744,35.78097569559004,-4.418618104357619,-6.714436494751725,0.872621847998052,7.17,CHEMBL3600589
287,71.1053844142913,37.429637025153184,-7.704541347467067,-5.306192434963861,0.11497914734816923,7.09,CHEMBL3600590
288,70.83052700762616,-33.962987486701465,6.339074175182973,-1.9109248191331762,-0.6997957883551361,6.11,CHEMBL3819591
289,69.82618599894451,-33.359449143794194,4.614957028056652,-0.4832848808396683,-0.9146306379052594,6.29,CHEMBL3818079
290,68.84073604522587,-33.96689640664876,7.103796216796191,-3.195502205980924,1.4592212222641834,5.51,CHEMBL3622056
291,67.76569163031826,-27.041518160422648,-6.84298216149654,-1.2760032434655897,1.6637681505306001,4.15,CHEMBL367827
292,66.7222109278397,-18.000886880441676,-5.0328678212695985,8.330771507316157,5.12041642771969,4.22,CHEMBL228315
293,65.78664544733235,-26.341241258158412,-3.7008640968684783,1.0043938236875025,4.1725832769009115,6.09,CHEMBL228744
294,64.78857774472608,-26.331530024474784,-4.459629550318558,1.8698846387805819,2.638266620182031,4.62,CHEMBL228527
295,63.78885802253724,-26.335208747302733,-4.471000138127997,1.860027807735935,2.7342556092586765,5.89,CHEMBL426204
296,62.83225705910721,-34.25630348982531,7.204789410092561,-2.6180181381354934,0.17950675764534985,6.72,CHEMBL3818539
297,61.8395279027924,-34.52511274201017,8.660212505928236,-4.18830921439764,0.5410124952694079,6.98,CHEMBL4099681
298,60.84165053387834,-34.42503109537948,8.104986498753005,-3.668236293787084,-0.019209519909870208,6.66,CHEMBL4083248
299,59.12497375821982,35.53681549077468,-3.7243325245474717,-6.1572088058778816,3.1120759298489564,4.29,CHEMBL1405
300,57.95601959216447,52.22894628526419,1.6531244980145592,-5.483445506713468,-5.314591470317755,10.3,CHEMBL3805209
301,57.796843529343306,-29.493602584489288,2.122132753007655,0.29940233582189435,0.885064610819541,6.0,CHEMBL3612353
302,56.8353442358936,-33.423618843576676,2.669922634021071,-0.8519901702462486,-0.7531320742605697,8.05,CHEMBL3953180
303,54.65853050282795,88.53377365952902,2.672740339286263,19.024593676624207,-0.511485376895574,6.0,CHEMBL1627425
304,54.84238448227855,-34.41946492033349,8.239163861514344,-3.9633775717292026,1.3046333107155847,6.23,CHEMBL226892
305,53.26254488862232,17.05946432480639,-19.030740782169985,-13.88515041470937,6.7073296048766124,7.28,CHEMBL3622020
306,52.842883575112594,-34.42976738620553,8.263104134431988,-3.976006627320963,1.5822355969543667,6.69,CHEMBL3622064
307,51.2400691296875,19.123432043472146,-22.93562003851202,-13.326916705970707,7.691123891152138,7.13,CHEMBL3622025
308,50.13577431887499,36.20050779297481,0.19379928951421405,-2.8376853426253557,-1.8268365858431934,5.55,CHEMBL1627935
309,48.00197897104787,151.34206016734956,29.033103805950663,22.66121718338613,-4.740847052025089,6.4,CHEMBL3806090
310,47.95521568540492,52.136274278339855,1.7291551727115837,-5.550067632879128,-4.945944327292743,7.52,CHEMBL3806272
311,46.95806747450907,52.187700415792364,1.4377295478271295,-5.148457011441948,-5.360028572122667,7.52,CHEMBL3806025
312,46.842496248915836,-34.553874604992544,8.093538842148112,-3.6856289956555806,-0.07318141408235078,7.46,CHEMBL4084183
313,45.26815667855537,16.689115886824506,-17.283719031876085,-14.18254649303407,6.445500003104141,7.92,CHEMBL3622019
314,44.841958587987,-34.20916367116703,7.116384836168842,-3.1220037668196197,1.4817741283709085,5.92,CHEMBL3622057
315,43.8353936091529,-33.59249644667272,2.6219617091810288,-0.6275663849502088,-1.0893491109775222,8.41,CHEMBL3910182
316,42.84215945862059,-34.53225670978544,8.259471176777012,-3.9700164641886064,1.5355131788167709,8.6,CHEMBL3623232
317,41.67808193652765,-16.417670129508334,-12.139232098098091,12.062544416578744,4.4221578495064335,4.05,CHEMBL3612352
318,40.74454105044146,-25.009716703228364,-6.5871519905634095,4.797298352890478,1.7838673416782087,4.13,CHEMBL3612350
319,39.7432615070567,-24.923544771256875,-7.07656206573731,5.2817208867983965,1.1894757193403331,4.12,CHEMBL3612305
320,38.67692518647274,-16.351806836152164,-12.628509261673022,12.552931664370131,3.8264761766133777,5.17,CHEMBL3612307
321,37.12319156153362,35.46583861278558,-4.265489454914862,-6.7140133634297365,1.2544774869853264,7.31,CHEMBL3600592
322,36.126419448679336,35.31363697557879,-4.147407436917778,-6.701974350626115,1.0554607570459764,7.92,CHEMBL3600584
323,35.79395779973789,-29.944926665452158,1.4014314594039154,0.02986241235291802,1.9577212622634645,6.7,CHEMBL3622008
324,34.84242026880394,-34.79396533185886,8.622150276520976,-4.060510032801331,0.5198898988006693,6.61,CHEMBL4072794
325,33.127564365252454,35.32256542011684,-3.9850917658078417,-6.7773603931537965,1.4686402581721867,7.6,CHEMBL1945908
326,32.67752083631497,-17.28848605395336,-3.946486996321105,2.520647374998028,5.034949305396896,8.1,CHEMBL3098847
327,31.256278745096154,17.371866911025496,-20.518022233148113,-13.240469522766247,6.9628377442705585,10.46,CHEMBL3622029
328,30.6901554673024,-16.46376099428376,-6.235602852716547,12.041674740736177,5.504325476705623,7.89,CHEMBL3622013
329,29.672478806584326,-14.16380008965731,-7.4529507434836395,14.137436766700322,6.063405994501679,7.22,CHEMBL3622014
330,28.61932603110027,-7.243608737162611,-11.105127327383894,20.41875813070931,7.741937598445029,6.43,CHEMBL3622016
331,27.123854069573248,35.365929236504016,-4.267457628881894,-6.685783382885269,1.2457031217027184,7.02,CHEMBL3600593
332,26.84452726438807,-34.69663509955499,8.270808957844645,-3.8903874324123864,1.5611677449725998,7.58,CHEMBL3622063
333,25.643820903375875,-11.828647360885888,-8.85165958842366,10.032878246959234,1.944959037942281,9.4,CHEMBL3806300
334,24.802935130193358,-31.140151328472395,2.1685823633961645,0.3167549387215117,-0.7508940971926162,6.35,CHEMBL3818226
335,23.127145533084413,35.1803726054984,-4.1333448823471715,-6.670184665161598,1.0450731131955362,7.3,CHEMBL3600588
336,21.958570824975748,51.862557158816,1.2452127000660524,-4.6049470011145255,-6.158976643789177,7.52,CHEMBL3804911
337,21.83569187662623,-34.62317277967738,7.2238396021287645,-2.678884461367997,0.35463818698684113,6.54,CHEMBL4061169
338,19.957362408948054,51.892926720964944,1.551941250017116,-5.261567752538351,-4.817607458658171,7.52,CHEMBL3805387
339,19.834525876532556,-34.39907191786775,5.985546616950211,-1.3504781405594024,-0.445121819059593,6.62,CHEMBL3819198
340,17.755504941090546,72.76185984596586,1.0522746087074986,1.0576861042619616,-3.9683991998156394,7.0,CHEMBL3805944
341,16.96016059781481,51.7747968417667,1.9611540746695846,-5.429638973076059,-4.724745967349224,7.52,CHEMBL3805090
342,16.8388203516117,-33.93771015873751,3.0680378711438343,-1.0154665843389963,-0.44678935959276533,7.78,CHEMBL3981927
343,15.833043141011634,-34.632148711863856,6.864684022978922,-2.473116097805348,0.23230227563591044,6.75,CHEMBL4087245
344,13.941038530186615,53.51015641808393,-1.5835082748415454,-3.9284858978322235,-5.726430333907114,7.36,CHEMBL3805636
345,13.836082885530509,-34.636081675034205,6.746633806577796,-2.3414111635194654,0.1792365684391866,6.31,CHEMBL4079364
346,12.829013965564302,-34.35172794965837,5.823198459778448,-1.9322185319318965,0.07766189769730933,6.52,CHEMBL4102669
347,11.84113049633334,-34.59009229807702,7.3803154916752645,-2.7897800572335494,1.0082644257287117,5.86,CHEMBL11548
348,10.829263133579474,-34.71916281217567,7.07509338362133,-2.6536245517587735,0.1936684497985837,6.64,CHEMBL4105101
349,9.82513822251861,-34.157494565171504,4.989144623476367,-1.4549247692959437,-0.795166980588107,6.75,CHEMBL4099477
350,8.827473826397117,-34.276363124039854,5.418297176732404,-1.6770905899997057,-0.22505872687813877,6.42,CHEMBL4072568
351,7.8352091170361255,-34.71052790168006,6.825011234693282,-2.39181976164252,0.19815139684454905,6.68,CHEMBL4097394
352,6.844226557474038,-35.07629417293108,8.613660685148716,-3.960057577522566,0.4929789122208046,6.91,CHEMBL4066635
353,5.819100253519102,-33.02843769819684,3.126694426587238,0.30133319073231946,-1.3089481261968374,6.33,CHEMBL3819219
354,4.8280871347950205,-33.235268479347226,5.090669005251629,-2.5637809260128854,0.9191254712519625,5.52,CHEMBL3622071
355,3.1269445487319327,35.7003298096306,0.2520225795400617,-2.70644445679447,-1.781459279081705,7.41,CHEMBL218382
356,2.7924825520166423,-26.949613911080554,-4.520925831423991,2.050871979627687,2.551871970097314,5.4,CHEMBL230359
357,1.1277908099229832,35.94480977214956,-0.564951391481545,-1.9374702127008339,-1.9291645482517126,6.0,CHEMBL425287
358,0.6525651113505544,-13.704010689440159,-3.614785100852917,3.719259882518216,4.584663930757819,6.55,CHEMBL136664
359,-0.245477031470411,-23.112359507376727,-2.2678710143796197,4.883425139141925,4.270754266869649,6.3,CHEMBL349091
360,-1.1664347407844198,-34.46799297510406,5.656422251556937,-1.7076915990771169,0.03624563310399317,6.58,CHEMBL4094925
361,-2.1627312252895576,-33.31358771806096,4.220943593571913,-0.48866532475386687,0.7328680299120232,4.98,CHEMBL76374
362,-3.197650242537159,-28.395120942713593,-0.954864319243447,4.242490675769691,2.266271625764027,5.47,CHEMBL420395
363,-4.157752290688739,-35.17764795737905,8.960505199385977,-4.254115731178328,1.5639850836021714,6.32,CHEMBL479928
364,-5.148281408330757,-35.18595650264746,8.307138754054703,-3.604083763612546,-0.12397209834189213,5.16,CHEMBL63397
365,-7.032356940148608,51.53243508720753,2.0491540391422935,-5.523441745287797,-4.650286991780464,6.08,CHEMBL1627410
366,-7.154654394065456,-35.31091925646941,8.822497169868173,-3.9199014828378345,0.9443147054272283,6.72,CHEMBL67175
367,-8.203951009280303,-27.1115915471837,-4.798053681882408,2.5482932123459956,1.4062499364219685,6.82,CHEMBL228541
368,-9.181446864746482,-30.249170481945313,-1.946698079980859,0.5521882911931527,1.148699181746733,4.7,CHEMBL228371
369,-10.15225608660158,-35.11213218232621,8.614691727129493,-3.970736246128057,1.8258225086024367,6.8,CHEMBL598009
370,-11.185804049490127,-26.60007313690079,-11.043478643488616,8.487989267536566,-11.450082586097103,6.34,CHEMBL231602
371,-12.14296252985324,-31.460278110544003,-7.447768138312573,7.963422184340839,-14.023230559516762,5.22,CHEMBL284412
372,-13.17025988844133,-27.897647681630584,-9.68384365604738,10.861157242545907,-12.968599921043404,5.05,CHEMBL27198
373,-14.153660525841666,-34.88549702211592,7.2372232115043635,-2.6155454368778304,0.6321060812175799,4.5,CHEMBL79227
374,-15.204627946693902,-27.161734555480315,-4.707276217703171,2.4162642291259298,1.7776618628625684,6.6,CHEMBL228542
375,-16.20547070361396,-23.30770852651961,-12.121537505400788,15.065078146964776,-11.850560944110102,4.72,CHEMBL27197
376,-17.15149713975265,-35.14295648935704,8.184108636367656,-3.6936809873348704,1.218826916820337,5.29,CHEMBL325346
377,-18.231088084133336,-26.423632792826623,-1.4234217404341574,0.9070536899122297,1.1617919332709408,6.87,CHEMBL344037
378,-19.18095356517835,-30.34570536103211,-2.000013019050424,0.590932259056786,0.9992118317424796,4.37,CHEMBL389265
379,-20.24159340227538,-23.9901030673571,-3.2351449625465043,5.8747063441471505,4.216529646589568,5.47,CHEMBL84380
380,-21.152166998200983,-35.182833780248046,8.272784583942222,-3.736908023621815,1.5237024063588303,5.54,CHEMBL1672974
381,-22.15254688737093,-35.18556055849349,8.255704232352995,-3.7533646722848673,1.5452769061976193,9.89,CHEMBL1672979
382,-23.341835810508545,-13.892401436580034,-3.0140776924572408,4.323391253241686,4.2404914913556935,4.95,CHEMBL334696
383,-24.188133864971796,-26.626437548701006,-11.784265914296085,8.692385567699342,-11.919721859216432,5.85,CHEMBL26541
384,-25.24944407254324,-21.687950354031397,-4.608657406135994,10.595637097390096,3.9315213116215926,4.65,CHEMBL305637
385,-26.123309026557124,-34.576130173780896,0.08337303850463833,3.849661792294681,-14.775183796076078,4.54,CHEMBL27775
386,-27.186538438993594,-30.488692266664952,1.1183295711932741,0.7542586248531976,1.8093459716024956,5.03,CHEMBL347202
387,-28.211387368494258,-27.24389211307666,-1.0925762314251481,2.5481601173992647,3.1907364532936158,5.77,CHEMBL443552
388,-29.934584652998048,48.936360078544794,7.988299158316504,16.142753079003665,12.610424454008154,5.03,CHEMBL184540
389,-30.933063057765615,48.18895311438719,6.817905416240131,14.180970653741074,14.566727198079914,6.75,CHEMBL186816
390,-31.14761160332243,-35.44719826440078,8.397879633112375,-3.6078845801206034,0.19494315326631032,5.3,CHEMBL63504
391,-32.15163420998305,-35.291539822768165,8.251108523149144,-3.6948525002550916,1.502999941516149,6.72,CHEMBL390496
392,-34.0213747412398,50.844124502003346,2.4787192285628086,-4.190514148129523,-4.088953572028278,5.99,CHEMBL1627553
393,-34.15191294057258,-35.24005648620126,7.935376725287307,-3.4436830038257034,1.182307334055044,6.62,CHEMBL1672982
394,-36.03048114550512,51.23554189772322,2.0577896636637663,-5.439758059820685,-4.671666090509488,6.96,CHEMBL1627418
395,-36.162119884277296,-34.2275814296367,4.926388536455494,-1.0096244558418779,-0.09482230280930788,6.72,CHEMBL137119
396,-37.22777289044481,-27.965779697519338,-7.398458118491894,-0.43326851681403317,1.3485206070582492,4.99,CHEMBL181078
397,-38.16561497296517,-33.41796243255584,3.6107340829876047,-1.2080502544414622,1.057259746061574,6.0,CHEMBL26036
398,-39.4297106030945,-1.7877240992919567,-5.241081343837441,20.577428698732938,6.390822923479028,7.35,CHEMBL137289
399,-40.15958570088676,-34.53892307020097,6.187681091202951,-2.4790989256407445,0.20138292990633044,5.59,CHEMBL137313
400,-41.20175489559349,-27.431725550215496,-4.851250114759372,2.5991230247297037,1.1740677738194651,5.38,CHEMBL426202
401,-43.153498224432816,65.37049085093663,5.25664765462162,3.8921205371339695,-1.0317130115989972,5.25,CHEMBL1627428
402,-43.25702716580991,-16.65152947602425,-15.77198623851451,21.42394079145868,-10.188799997384098,4.3,CHEMBL285011
403,-44.33233170398703,-12.375280220510437,-12.293766388447192,17.505838242483957,7.226850986983395,7.25,CHEMBL44459
404,-45.207074887056095,-27.554520968766923,-3.9936659005733186,1.763864942965468,2.835045894916294,5.34,CHEMBL389890
405,-46.20249142589327,-27.481372775466657,-4.748565013419322,2.5563391233034483,1.5958762005328204,7.3,CHEMBL389889
406,-47.159383282441055,-35.41019132707053,7.781055759108125,-3.0674983472945567,-0.7694873094897539,4.1,CHEMBL1159897
407,-49.243201751585005,75.59394493934042,8.392019517079078,8.675835157618494,-3.2078450990548273,5.7,CHEMBL1627411
408,-49.236814965829026,-23.68074090371834,-5.763046575647028,4.525924481656621,3.657253754063404,4.89,CHEMBL228797
409,-50.20805941960248,-27.58124356455598,-3.7903114854404927,1.495878607239983,3.650676622652708,5.4,CHEMBL389867
410,-51.20453226259187,-27.55434078694184,-3.9058411024211233,1.6499265227073912,3.2489737165863035,5.1,CHEMBL444886
411,-52.16814198582761,-32.5353768740438,2.397958496039819,1.0054133146017095,1.0720513929405724,5.23,CHEMBL306782
412,-53.22998690854229,-24.282386518580193,-3.389382297183929,8.586363422736056,3.353735060775417,5.32,CHEMBL80330
413,-54.77311206645344,31.931575778400717,5.12897888868439,10.750285855585528,15.045454512191895,6.58,CHEMBL187900
414,-55.179907770395346,-30.900354165376378,0.6168929451018568,2.5588064281634866,1.5331525508519557,5.42,CHEMBL78282
415,-57.03309840426772,51.17424635399187,1.4181583636462505,-5.075374441578324,-5.3912486592352735,6.96,CHEMBL1627421
416,-57.93891708095421,48.91660405077063,7.081737377242378,16.788308510528612,12.237068112174223,4.91,CHEMBL188214
417,-58.21194186783466,-26.643273339052644,-2.171635671619939,6.508495538422276,2.79078439131382,5.3,CHEMBL421505
418,-60.298932765939476,82.74579649127911,5.1152114493598235,15.182005386878062,-1.7051143699657558,6.36,CHEMBL1627427
419,-60.867380611390786,34.61525836179666,-4.9575009095652804,-5.626417561638943,0.6878826967884407,6.58,CHEMBL1945897
420,-61.2601998929115,-22.849819395384575,-3.2704248815080956,3.1572219624737543,2.8957864977606116,7.21,CHEMBL138488
421,-62.14727657620011,-35.67964164344009,7.983092432427844,-3.1196268227166684,-0.19707824377681168,5.15,CHEMBL305077
422,-63.15054172062367,-35.879765126561175,8.732087568106843,-3.6757585842947016,0.5619355628141984,6.11,CHEMBL65211
423,-64.2035159803211,-27.67579260721754,-3.911016548370106,1.6355279747435814,3.1734816979625236,5.4,CHEMBL387708
424,-65.90985778213862,41.01345761805024,-13.280213313545499,4.859927029059299,-0.24981430612048203,6.72,CHEMBL385226
425,-67.36945521881698,91.91517715186191,0.24601925368987804,23.574000561559842,0.5292726253856922,5.22,CHEMBL1628149
426,-68.02863502636593,50.9131177785655,2.057944325370793,-5.354206937954568,-4.6866828461181775,7.62,CHEMBL1627429
427,-68.96670174165278,46.398756623034,2.3834860564679734,-0.27236247888173987,-0.5709995333758361,7.21,CHEMBL270250
428,-69.14752125975149,-35.75051788973135,8.077688749556511,-3.175881233930951,0.14466430634802505,5.28,CHEMBL63345
429,-71.03181123403351,51.073059266924304,1.2400140597590361,-4.828627558421737,-5.253881436714432,7.66,CHEMBL1627617
430,-71.14470606815803,-35.87103135730599,8.363576386423807,-3.375722746254056,0.0956327634908613,5.34,CHEMBL65399
431,-72.15049621205257,-35.70608086852418,8.3120320067602,-3.640066330037129,1.4879930148320089,7.4,CHEMBL108646
432,-73.1855014035671,-27.253421650611493,-11.572366633535765,8.58645940252602,-11.569780743657544,5.16,CHEMBL25794
433,-75.11653305044882,60.52113005467831,5.348358917998267,-1.844921912626519,-4.437672596705297,4.84,CHEMBL1627625
434,-76.12029595979192,59.91210331019771,2.5456601343388416,-2.9877976091429623,-2.4726893495093165,5.85,CHEMBL407952
435,-76.14628220534286,-35.8862616757385,8.548403161063558,-3.6662578263922545,0.8514465446663372,5.24,CHEMBL63838
436,-77.1577544849938,-30.419559302391768,-8.362925980168727,7.151872255582296,-13.266937605081544,5.5,CHEMBL26969
437,-78.8604431287382,34.83072176577867,0.6527718537370965,-2.6817414816644174,-1.1401571679682794,5.3,CHEMBL220493
438,-80.02777810273001,50.78736965472154,2.06700098386409,-5.31023699439961,-4.6986473142516365,6.19,CHEMBL1627606
439,-80.87019005635985,34.23347414524362,-4.315835570297874,-6.127185984645225,0.9317796808794792,7.13,CHEMBL1947225
440,-81.86740211084285,34.06440684685185,-3.8638799313546865,-5.659344318519347,2.604010473507967,4.77,CHEMBL1835542
441,-82.86817298529544,34.011797409541884,-4.034904376897715,-5.546316089604847,2.139730600822889,4.58,CHEMBL1835543
442,-83.1479353186167,-35.7805925909426,8.265065474607837,-3.4619681061859073,1.4387222422581092,5.2,CHEMBL598628
443,-84.14767658534596,-35.79470993252174,8.251846624020507,-3.4392116452646295,1.3454626332105992,7.54,CHEMBL609618
444,-85.14993570415086,-35.83384661578822,8.306260985682776,-3.602268190142138,1.5013007172815995,8.64,CHEMBL1672977
445,-86.14965515441075,-35.85000679155386,8.331174749212682,-3.6162598104689323,1.465032635436726,7.26,CHEMBL1672981
446,-87.1478183640535,-35.821510632770746,8.271738371845808,-3.4528807419094445,1.4126016520835332,7.46,CHEMBL598199
447,-88.85788379413161,34.71449926184492,-0.015151904418522755,-2.1233233404113223,-1.0652067099518185,7.4,CHEMBL229993
448,-89.19899895806067,-27.802293906062562,-5.40180020579487,3.084295999447425,0.4042055641171957,5.6,CHEMBL228914
449,-90.17760000430478,-32.86900217074495,2.917799657359208,-0.32986881632259396,-0.2770450372889404,7.66,CHEMBL137392
450,-92.028316308465,50.660689666685585,2.107870454750497,-5.321705412193728,-4.702919401665468,6.89,CHEMBL1627640
451,-92.14795998145637,-35.90587970892678,8.303309650097518,-3.5517745760610877,1.488780565353487,5.54,CHEMBL1672975
452,-93.86127816294189,35.079419676889366,-0.8469215529090167,-1.50969923206761,-2.3452150513478833,6.0,CHEMBL366014
453,-94.86448719381222,34.02111909978527,-3.973508466491541,-6.366423544437619,1.371355725760584,6.46,CHEMBL1945895
454,-96.05342959840333,52.42925620409928,-1.8846785189260082,-3.4695129524110877,-6.51972899613337,10.4,CHEMBL3806018
455,-96.8722194146608,35.01663945487677,-6.778109345452329,-4.643755394563911,0.778387597184726,7.36,CHEMBL1945899
456,-97.13359279699245,-33.66743112554972,-3.577498850433417,5.5062177650162205,-14.728633931971316,4.96,CHEMBL27864
457,-98.14911390709625,-35.892272752386205,7.815938068711813,-3.0220687653151033,0.812321495764333,7.66,CHEMBL1672980
458,-99.14758936239328,-35.97142730097421,8.266185831733742,-3.511415178541245,1.4397898760678993,7.77,CHEMBL1672976
459,-101.133308638447,68.98699798501784,16.91590650308157,21.054355472072796,12.414317278656046,6.54,CHEMBL137708
460,-101.3770243928795,-14.79183722823769,-5.001908402783704,-7.348135646286492,-1.6326794078466027,7.35,CHEMBL137391
461,-102.17764669299288,-33.08974836190294,2.8660839479049636,-0.9785679519870326,0.6620386582057791,8.25,CHEMBL137217
462,-103.11783930510121,-35.4573798015789,0.6347854472485621,3.7854148013156257,-14.473465737088869,5.32,CHEMBL26414
463,-104.25238931082299,-22.29662619467128,-4.798793191885619,10.595874042402023,2.995164409683655,6.39,CHEMBL137692
464,-105.1426247496162,-32.43809336448705,-5.104695689300531,6.223647733765189,-14.386566289494262,4.75,CHEMBL286712
465,-106.31929753786986,-15.739856032567284,-6.016210011381473,10.703675960809303,2.8584846488598217,7.11,CHEMBL137707
466,-108.2605907208556,77.63798705147705,7.556294544486805,11.130184686487313,-2.8560496360561634,6.03,CHEMBL1627433
467,-108.24740658217931,-19.262796180798368,-11.388005453848537,15.240647266023817,-9.22120096658241,4.82,CHEMBL27368
468,-109.86685590926645,33.87687618094738,-4.191870673187254,-5.198681421644682,2.3174176755123965,4.37,CHEMBL1627869
469,-110.14500776888414,-36.16698984633601,8.080474523920044,-3.0533847828251264,0.11602886893563032,5.16,CHEMBL434211
470,-111.14858740781771,-34.263817463762194,2.106010586989729,0.2741472680038315,-0.35657298866617987,4.24,CHEMBL376171
471,-112.15063665330473,-35.317190204881165,5.904941715714515,-1.3216841982632506,0.5424742497899184,4.88,CHEMBL77121
472,-114.0310816459723,50.34127390076519,2.3778294621758733,-5.351876119247307,-4.3537649563919265,9.41,CHEMBL1627878
473,-114.22322282193403,-28.743322419623983,-7.404655952705241,-0.18326050285046744,1.2852828346749838,5.75,CHEMBL182155
474,-115.85856461967438,34.581462104118216,-0.7266321644829653,-1.6614036964736603,-2.15439325411813,6.28,CHEMBL389320
475,-116.26726462012955,-23.659505660646442,-7.335515571205814,1.8024128409304965,5.065663492757483,5.13,CHEMBL332811
476,-117.19524313230151,-28.21088279819145,-5.128040237781358,3.070439024996823,0.01847468243411273,5.35,CHEMBL228916
477,-118.19779086125085,-28.13442941058803,-5.465281557282221,3.3926108341419137,-0.022090293372215984,4.7,CHEMBL228915
478,-119.19975067424745,-28.020957819522984,-5.737356874672398,3.4952852770047516,0.34949782980406324,4.46,CHEMBL375730
479,-120.19605828600082,-28.15313464813718,-5.417463543318534,3.361427648225562,0.13299972123984485,6.14,CHEMBL375729
480,-121.31249588662318,-18.905240423985628,-4.6161487023735255,1.443637449238172,4.508266756321745,7.3,CHEMBL137513
481,-122.15267491441513,-35.70802217204878,6.3443090829451325,-1.6203516489671115,-0.08559837517628274,5.79,CHEMBL137156
482,-124.2080231082392,71.10414898259283,8.064570398260779,5.810092580008129,-3.371137505845591,5.46,CHEMBL1627871
483,-124.33653506464724,-14.671714478664649,-2.3623026291017446,4.982653479144368,3.2285338607381915,4.61,CHEMBL342715
484,-125.14601535561458,-36.22589183416001,8.45580919981918,-3.5992524149690386,1.3284213706012653,6.04,CHEMBL479551
485,-127.11788819774182,59.129444424372394,3.3661562627329857,-3.5987069353250267,-2.359170420051597,6.89,CHEMBL408967
486,-127.25442965092454,-23.869895598173205,-5.217720906765886,2.5104397186702294,4.178007786386416,5.42,CHEMBL333727
487,-129.02509507319405,50.289836749484564,2.083976486273079,-5.172946918543876,-4.699226883860966,7.1,CHEMBL1628091
488,-129.1464585613886,-36.20329131331884,7.705591087269381,-2.8735948678661134,0.47862299713635365,6.27,CHEMBL390717
489,-130.146593517553,-36.211321140968096,7.711770060692359,-2.856684952011433,0.5140782024114446,6.42,CHEMBL226736
490,-131.14556704329965,-36.299702025200226,8.275596827569089,-3.4177903667400127,1.4468228544675794,7.7,CHEMBL322322
491,-133.2767938616154,79.6942442927195,6.340541592907272,13.297523279052927,-2.312449724922277,6.11,CHEMBL1627417
492,-133.23153697889404,-24.538712039552234,-5.703484791426176,4.767522066315402,3.746108727974164,5.4,CHEMBL376176
493,-134.20031174561043,-28.384091501767177,-3.8257529429273838,1.7723233446546947,3.4188390332225684,5.64,CHEMBL229010
494,-135.13769421540462,-32.699927101887,-7.835926444592202,8.14773073141452,-13.829564370866962,5.1,CHEMBL26041
495,-136.14332283572784,-36.445114692144394,8.030957114221557,-2.8605566685935173,0.017980550047023515,5.32,CHEMBL65446
496,-137.1169305123658,-35.70050207360576,0.26826331762232725,4.157585917781845,-14.824043308788657,4.92,CHEMBL26970
497,-138.8802194693836,40.31283343480535,-0.41515346569664285,10.875342036980244,6.07046401344908,7.96,CHEMBL435988
498,-139.8560484521778,34.35469461990453,0.06092279826242855,-2.109981248883442,-1.6628691794839985,6.53,CHEMBL1945894
499,-140.88056669392688,35.31757095346958,-7.5415350434427815,-4.7512849218924895,0.39535068069975926,7.75,CHEMBL1945903
500,-141.8655952252949,33.56430770451971,-4.072919030659842,-5.255862922046096,2.8661119988505095,4.37,CHEMBL1628113
501,-142.86170605651853,33.532275007199424,-3.9607636468330827,-6.260730155287497,1.366641948130815,6.72,CHEMBL1945909
502,-143.20112323817156,-28.34665887041061,-4.841884053479411,2.7824313173227955,2.4993351072244128,4.89,CHEMBL229061
503,-144.22279700444486,-29.12333935025083,-7.289701707312859,-0.14201530623325756,0.8962187531671452,5.55,CHEMBL359751
504,-145.22435554113386,-29.05682879823601,-7.774851467244582,0.40725084206684087,0.2567708421422289,5.72,CHEMBL179014
505,-146.1673991055812,-31.75092329948767,-1.807013636747585,2.990302894457399,0.6335883090130436,4.92,CHEMBL228317
506,-147.8615027044324,33.48390880247591,-3.9674059684865584,-6.211284273733411,1.3678663027579576,7.7,CHEMBL1945906
507,-148.20075624078967,-28.123766907393712,-5.912892016885081,3.8287291111117456,1.6503056515547865,5.3,CHEMBL228543
508,-149.86518726939093,33.45523881741009,-4.13150425154278,-5.053738374431934,2.888068143070254,6.38,CHEMBL1627728
509,-150.87188284671274,33.74839590508431,-4.968150025232253,-4.599004643913813,2.1757569444701628,6.05,CHEMBL366144
510,-151.26319422491486,-22.93207755614739,-3.788679204077707,8.398904366085786,4.267479790036885,8.62,CHEMBL3622011
511,-152.33408505778186,-13.70177097971857,-8.658270134544532,16.773005399117196,6.505736937053874,7.12,CHEMBL3622015
512,-153.12947960415443,-34.36115954408387,-3.5247196047807736,5.580817022161884,-15.14345329156438,4.6,CHEMBL26647
513,-154.1551113050281,-36.376733685204975,7.454150614657775,-2.3708578058771916,0.6815844372886599,6.55,CHEMBL4090835
514,-155.12542136510697,-34.81156410949538,-2.635597733449088,5.249652333739294,-14.679718281930125,4.66,CHEMBL27057
515,-156.85111526891313,33.01030511860515,-0.8267555750138509,-4.164008977174917,0.17311993720595167,7.1,CHEMBL1627551
516,-157.1623799985457,-35.96571055818757,5.297544281282611,-1.01036582138,-0.5449773499028916,6.36,CHEMBL4083045
517,-158.16318983029922,-36.11132407457087,5.971554888178207,-1.5504172542885624,-0.051050514446565935,6.47,CHEMBL4078408
518,-159.2754394745649,-22.84595092524427,-10.113415663706492,9.234651859570553,2.9113322347043558,4.83,CHEMBL3612306
519,-160.86656900512952,33.19993792834811,-3.392485290685661,-5.690836783053537,3.3327375655700946,8.78,CHEMBL364332
520,-161.86765756591976,33.14914391836217,-3.553787428562568,-5.575320520822566,2.9319874443380387,11.0,CHEMBL2011408
521,-162.1524858062963,-35.513778938010915,2.0651904673971213,-0.05440460411432373,-0.7828945755616001,6.52,CHEMBL3622364
522,-163.85062325426887,33.03272413572414,-1.1914369065673942,-3.7173979076845995,0.9407710169784618,6.7,CHEMBL2011418
523,-164.14367084453428,-36.618830028723615,8.45238700939707,-3.4924653927907108,1.3097186501896672,6.26,CHEMBL480321
524,-165.8677211502971,33.25003489444427,-3.9014276340108625,-5.295598812720987,2.525473737933104,10.0,CHEMBL2011422
525,-166.16096973475712,-35.638317219498305,5.471501770921064,-1.1339814145707938,0.42046003632420537,7.52,CHEMBL275331
526,-167.1425723955342,-36.74243131742043,8.129699329144838,-2.8798451382725303,0.6147743559988315,4.5,CHEMBL311899
527,-168.26901448496247,-20.316332167477487,-1.5188188129493623,9.53526153625215,5.5507297616902695,6.77,CHEMBL155465
528,-169.15883538916046,-36.18956621620612,5.780155206960403,-1.3292877690403133,-0.022104467714623106,6.44,CHEMBL4067505
529,-170.85493555210783,33.8916190254844,0.6885769929221021,-2.4244632842757654,-1.1766959174361415,7.8,CHEMBL219321
530,-171.87274533262766,39.66894138677939,1.0418457293236199,11.87598075536319,6.414796570802015,7.96,CHEMBL359199
531,-172.1420196552817,-36.759239602056965,8.619421460610157,-3.4836173920610403,1.6792587608368175,5.26,CHEMBL598629
532,-174.0366419440999,51.76858776249018,-2.5306443266664185,-2.311231872089818,-5.443254536959921,7.6,CHEMBL1627626
533,-175.11422650815848,59.76670813390489,4.7018014692168,-1.6515934204311133,-4.693174039957843,6.21,CHEMBL1627612
534,-175.14523534856266,-36.583694988003856,7.267092813002564,-2.1704106226124273,0.043832999765475826,6.17,CHEMBL137424
535,-176.22775353891663,-23.737758633928667,-11.648878692542905,7.118833939024301,-11.287718451759053,5.4,CHEMBL25760
536,-177.11559052302425,-36.21852944808228,1.1667113576279233,3.8122191546938966,-13.933979547766944,4.39,CHEMBL422576
537,-178.12073498042895,-35.378386721561384,-2.0198228515945136,5.169783344924069,-15.081792828957731,4.62,CHEMBL286518
538,-179.11477961175473,-36.16189146807344,0.19605570803515024,4.503245724469564,-15.153699453118524,4.64,CHEMBL26958
539,-180.1187273383643,-35.3038885562639,-2.3519910138078033,5.87735551649272,-14.975620856574743,4.7,CHEMBL27721
540,-182.02158656429194,49.75470267378399,2.0574512179964684,-4.983244000443693,-4.773948930015644,6.92,CHEMBL1627953
541,-182.1243824479115,-34.45911521307415,-4.189192568365724,6.914630713407078,-14.789997506119333,5.22,CHEMBL285331
542,-183.24339188515282,-25.56498364196596,-2.558315084349428,6.425166764707949,3.723628480710883,7.52,CHEMBL3622010
543,-184.20799439294922,-30.129725219019733,-0.10898741574312168,2.3657019102171932,2.740923973995836,7.16,CHEMBL3622009
544,-185.20882694578012,-24.546631751076017,-12.120775984405757,11.319488319636905,-10.659207654412674,5.75,CHEMBL27369
545,-186.1450930440818,-31.63149612068723,-8.104163323286105,9.538317925525966,-13.779866669735325,5.1,CHEMBL286960
546,-187.85926216781886,33.15514909253706,-4.301880336261912,-5.851844309301022,1.0902236101901641,6.86,CHEMBL1945913
547,-188.76787784393366,30.61157305311116,4.716822976727939,11.630079516401896,14.86982362123247,5.82,CHEMBL183635
548,-189.8630120850145,33.161193658523075,-4.252289010359244,-6.010411134593961,1.1207421174701258,7.64,CHEMBL1947221
549,-190.8585956065738,33.045607885308755,-3.9671232311440847,-6.101590841972584,1.3205994483574968,7.17,CHEMBL1945910
550,-191.30652038700202,-18.77688629711463,-12.286429064523016,12.948887076113511,3.692803249403985,5.26,CHEMBL3612349
551,-192.85944903292406,33.1349384025318,-4.374902118295361,-5.812278903756647,0.9903834199713517,6.68,CHEMBL1945898
552,-193.15775243669057,-35.06368321789804,3.88033019029434,0.18562968498468072,-0.14423905414357135,6.14,CHEMBL137262
553,-194.8730972232668,34.94368462014268,-8.56097532612814,-3.4188331819763293,0.7708508560631656,7.58,CHEMBL1945900
554,-195.2541564755497,-24.18399586861217,-3.259230914196476,3.4301744725870886,3.1643328379270645,5.2,CHEMBL137227
555,-196.95214714960204,48.544069329633736,9.442960188537665,13.624222763966547,10.808299275022259,8.25,CHEMBL341736
556,-197.8814283268126,36.15975485736746,-10.45901999130949,-2.1578123169248187,1.1826053404976455,7.29,CHEMBL1945901
557,-198.14150342560143,-36.97696116037849,8.274035399532478,-3.227497350193308,1.4100594262834498,7.41,CHEMBL108483
558,-199.85937016655598,33.60292808031547,0.5739934888623218,-2.2319396794548076,-1.1900535287412375,6.5,CHEMBL219273
559,-200.8581919961271,33.48771920728625,0.9788541292847966,-2.4794396471930145,-0.8412735740387659,7.75,CHEMBL221802
560,-201.86020181819094,32.87581879177524,-3.6477939110719397,-5.446421589614434,2.9294388059255305,5.48,CHEMBL1835539
561,-202.85875108469247,32.87763212038316,-3.707668815118348,-5.404032079081584,2.9280698261157636,4.4,CHEMBL189051
562,-203.85983964548262,32.82683811039722,-3.8689709529952547,-5.288515816850611,2.5273197048837064,5.62,CHEMBL1835541
563,-204.8589400147019,32.89788002275122,-3.924255746361031,-6.107524602159254,1.3159977025847052,6.95,CHEMBL1947219
564,-205.85899243440863,32.88462202423234,-3.909457471289543,-6.112759271475043,1.3242761591522907,6.32,CHEMBL1947220
565,-206.85915178778734,32.95907389645386,-4.445975263787193,-5.543923644231562,0.6667448583463198,6.71,CHEMBL1947224
566,-207.14008419065874,-37.11682855417654,8.518932191771286,-3.311795826896022,1.2361089611539227,7.79,CHEMBL592320
567,-209.02027695957614,49.481314301097456,2.06875328480435,-4.909320058343084,-4.7620257623102615,6.92,CHEMBL1947228
568,-209.16494842523161,-35.43022644802873,4.37125705912022,-1.2970295334879862,0.49546998357941746,8.0,CHEMBL3622030
569,-210.1402307771668,-37.07204647339905,8.266256160790597,-3.067411700114044,1.3062591010301943,7.54,CHEMBL598211
570,-211.85828249629046,32.94200633568613,-4.373639458105207,-5.755614121863819,0.9781279396971334,6.47,CHEMBL1945893
571,-212.85734731127727,32.8192752894801,-3.953576572125377,-6.044364402145921,1.3178514877420195,6.57,CHEMBL1945911
572,-213.85803281381553,32.922866873494314,-4.378498000786799,-5.733513689725923,0.967983801778634,7.19,CHEMBL1947223
573,-214.85730626225742,32.817142169459565,-4.193622367251746,-4.933106743331651,2.164959417491419,5.17,CHEMBL1835540
574,-215.8577917586272,32.760304492589924,-3.983539520690635,-5.921490975863346,1.1391876885438479,7.41,CHEMBL1945905
575,-216.14018836587957,-37.12931013157108,8.286347276014336,-3.0721337259336745,1.3714630440703568,8.26,CHEMBL592131
576,-217.7157175843488,14.05779039478827,-17.46023425022597,-13.22886197931416,6.426513757562762,8.52,CHEMBL3622027
577,-218.25679829562964,-24.798874934123294,-7.043145481266722,2.004307639966818,5.205804290113357,5.21,CHEMBL440159
578,-219.13989142771004,-37.154466491816436,8.248266768429724,-3.071828139917128,1.2882512038799205,7.49,CHEMBL599442
579,-220.14023263129837,-37.18747190995296,8.456108534168052,-3.325453404053954,1.273597234644606,5.33,CHEMBL479559
580,-222.02579587937518,49.31127892702437,2.070734457308444,-5.061592304051257,-5.087098454780136,7.52,CHEMBL3806088
581,-222.1394144954799,-37.186972926723406,8.241983236532086,-3.058690839844811,1.2440936479236868,6.85,CHEMBL592376
582,-223.15852125179543,-34.27979781515085,1.5274695041325728,1.1871606919454003,2.1196917439888407,6.0,CHEMBL3622059
583,-224.2546227202798,-25.053011467732322,-4.659376478856031,0.4148448935817267,5.845590155319558,8.77,CHEMBL3797224
584,-225.23803518314563,-27.704025407987675,-6.732155915605437,5.782058791502262,1.0332269074152773,4.57,CHEMBL3612308
585,-226.30537968471597,-19.122248669575693,-12.139690015592482,12.865806304722442,4.2764984273756514,5.15,CHEMBL3612304
586,-227.4374016339661,-3.5177469867254136,-5.261007417422936,17.6920719209766,7.360518442702486,9.0,CHEMBL3827021
587,-228.25381226369865,-24.82747644000513,-7.695641773496696,2.603230343093214,4.803232856823286,4.98,CHEMBL121068
588,-229.1453347892759,-37.07631836829076,7.221607333964814,-2.188514140960963,0.26215259072521696,6.36,CHEMBL137541
589,-230.13972642221424,-37.30073923292363,8.275541005247105,-3.1235095298564324,1.4046583830443995,9.08,CHEMBL1672978
590,-232.1317998383287,67.33829671872294,14.824504815628227,20.004597492850223,14.541111670914573,6.85,CHEMBL136663
591,-232.85620066717783,32.61841657945356,-3.9524999098573073,-5.980603205825793,1.2931866624730792,8.05,CHEMBL1945904
592,-234.00878494282082,48.73695617538373,2.8039877356483016,-3.872401863940802,-4.163109778555763,4.71,CHEMBL1627631
593,-234.85772592885314,33.82806665879903,-0.31879407405550786,-3.4130093755030497,-2.709132284323147,5.42,CHEMBL1627916
594,-235.85187571952153,35.10385347611041,1.5868039972587318,1.78967726499097,5.888631047569216,7.96,CHEMBL137479
595,-236.13014532073765,-33.75143955995667,-6.229029915184145,8.238238247966537,-14.354622406973409,4.89,CHEMBL287229
596,-237.13918424072043,-37.6468206749576,8.64951975068438,-3.0796975666276913,0.1034434374455065,5.5,CHEMBL65204
597,-238.14287652326942,-37.170506975203146,7.452399569000774,-2.434171669788821,0.7026795218947659,7.21,CHEMBL137169
598,-239.14654950528976,-36.89195346014511,6.239651179201048,-1.0421699829383693,-0.15347980227283217,5.79,CHEMBL137243
599,-240.8564606862305,32.496312270384585,-4.108777682491572,-5.831261719936596,0.8844117496508136,7.05,CHEMBL1945912
600,-241.86526888498352,33.46119078647344,-6.1966329823575705,-4.858520106583279,0.5305283664372203,7.21,CHEMBL1945902
601,-242.11150727464806,-36.47694319664144,-0.8569011259195297,5.17987512827314,-15.043909052534353,4.8,CHEMBL27657
602,-244.4044953682005,92.20918511222699,6.749502605443075,15.433746163586115,-2.3297055187748184,6.28,CHEMBL1627627
603,-244.14200959258795,-37.7641427573005,9.419319938218043,-3.8097465875756003,1.675291013604212,7.06,CHEMBL3235682
604,-245.8552027750109,32.48827757204278,-3.9648555687188423,-5.929734767853401,1.285780123592424,6.31,CHEMBL1945907
605,-246.87501937402297,34.2018217043958,-7.696607032409206,-4.350821972716479,-0.08813657568380182,8.1,CHEMBL3600586
606,-248.01757015519885,49.079615541658335,2.0795725744693248,-4.784008403568677,-4.899474735774114,7.46,CHEMBL1947227
607,-249.02138605677786,49.17332663350871,1.7605875008575411,-4.66868884661871,-5.121409156232019,6.9,CHEMBL1823787
608,-249.85506184861217,32.59278490095045,-4.536971085689047,-5.3756780051899815,1.0214522416454954,6.44,CHEMBL1945896
609,-250.8581071144756,32.5277278535702,-5.700760612246639,-5.282482766943727,1.0035374986408316,6.13,CHEMBL1947226
610,-251.13832933468566,-37.502255808490645,8.458168663951989,-3.2330003388603945,1.253601451039305,5.58,CHEMBL518761
611,-252.2672963911347,-23.879888641056365,-9.78043991108549,9.22202437029724,2.866027770524841,6.07,CHEMBL3612348
612,-253.8556683961716,32.35812801889703,-3.701646837382924,-5.250338286180653,2.8974976494653584,5.32,CHEMBL1835538
613,-254.13838152918703,-37.54643582225097,8.282702803686714,-3.0383555000533997,1.3984966783290735,6.43,CHEMBL3622062
614,-255.84609153485957,32.203581313140354,-1.590117157638062,-3.1925387443657103,0.5320037114600874,7.36,CHEMBL3806285
615,-256.72247653676175,14.455330254656836,-20.641884366885915,-12.153388872925483,6.622900416449264,9.0,CHEMBL3622021
616,-257.8535954085085,32.35729153490951,-4.433822827413151,-4.505349853631628,1.5217438186327765,5.82,CHEMBL1835424
617,-258.85878790806424,32.45800267160486,-4.23864637248515,-5.812471141027163,1.0858856402602415,7.14,CHEMBL1947222
618,-259.8595042685164,32.326256861475,-4.396786406254682,-4.728030164141143,2.385333921230292,8.05,CHEMBL3805984
619,-260.85961364838295,32.40084558521766,-4.409686952307527,-5.714330678378427,0.659830745802225,7.96,CHEMBL3600585
620,-262.02085285610104,49.04003325271738,1.7997267639587695,-4.648032232514926,-5.101241655255494,7.68,CHEMBL3805064
621,-262.85539156604733,32.27313737868175,-4.099423910407001,-5.813780338999042,0.8567190119446176,7.48,CHEMBL3600591
622,-263.1509934417799,-36.872972751175155,4.820008659671306,-1.2879444524642865,-0.12483204378990564,6.8,CHEMBL3805454
623,-265.8795882273452,137.83449319393728,26.094528888656903,20.951361709417178,-5.700452369819961,7.85,CHEMBL3805967
624,-265.7126352125669,13.572189779895039,-17.478425598962655,-13.0712049183048,6.396228780266486,9.0,CHEMBL1235380
625,-266.2160255948779,-28.506232469445457,-0.5341593737658266,4.948032906923071,1.8645119598522941,8.1,CHEMBL3612354
626,-267.802802945424,24.017805715252944,-17.068977763114983,-9.577630544799202,1.8057110663466693,8.4,CHEMBL3612355
627,-269.0215200857455,48.76219923324027,2.3989428142693643,-4.882924620211782,-4.535443588807974,7.52,CHEMBL3805117
628,-269.2736874758364,-21.82017201051797,-4.998251766305435,10.84360215423209,4.7510923503548685,9.0,CHEMBL3622012
629,-270.2671994321524,-24.052627585287084,-9.634830610746153,9.088243530896793,3.460688378215545,5.11,CHEMBL3612303
630,-271.2362191175455,-28.161085292833068,-6.584685852880609,5.731783946470194,1.6098268073334498,4.47,CHEMBL3612302
631,-272.8434338317753,32.96005405905945,0.3773808164583205,-1.9587171638001442,-1.6200651735458973,4.08,CHEMBL135
632,-273.1703845171024,-33.93881958730464,-1.3791522033879615,4.845760163473444,-0.9892780993933075,6.51,CHEMBL3818315
633,-274.1457602971259,-37.06180961851451,5.846938684512583,-0.9095308686270062,-0.4162946150478849,6.77,CHEMBL3235689
634,-276.0222521600181,48.8013287266447,1.98380111706893,-4.61825197000747,-4.807684031341628,7.36,CHEMBL3806286
635,-277.02736389623976,48.978038887615114,0.6030300724626801,-3.3985697529276586,-7.018023424179549,7.52,CHEMBL3805071
636,-278.95904004255453,146.25752266152665,32.60287206244196,22.081798318054815,-3.8459666847304437,6.4,CHEMBL3805656
637,-278.1398959240196,-37.951755283217686,8.795880235144987,-3.1503050328665463,1.248175464376456,5.99,CHEMBL3235681
638,-280.0208937052824,48.62578585998076,2.2858655555684053,-4.707545492007452,-4.908306630068175,7.52,CHEMBL3806175
639,-281.0216021952738,48.71811631908779,1.8431404340102464,-4.308595628540711,-5.3722801649549865,7.52,CHEMBL3805959
640,-281.14527205347315,-37.40725933638292,6.5710311814995634,-1.2706065877484036,0.13314021296515605,6.42,CHEMBL269221
641,-283.03034115725256,49.554523850768746,0.16276959266128788,-3.7195148927488275,-5.353373112919429,7.52,CHEMBL3805811
642,-283.8564833525769,31.966062507253604,-3.666592071104593,-4.970129721660248,2.5138044351836686,5.12,CHEMBL494753
643,-284.14810619084614,-37.70704304264931,7.517928076914132,-2.043293202949705,0.5801029160923984,6.54,CHEMBL4069839
644,-285.15121228003744,-36.72262379051137,4.153412533406906,1.2482137107571847,-0.5473717049754118,6.16,CHEMBL3818455
645,-286.8580894073339,32.13557506413759,-4.39476047234366,-5.643770352671447,0.6410577733431116,7.17,CHEMBL3600589
646,-287.87257418300004,33.78423639370075,-7.680683715453108,-4.235526292883587,-0.11658492730677233,7.09,CHEMBL3600590
647,-288.1518339950117,-36.99469545593896,4.6387482042711286,0.5843989042988792,-1.1455496872826103,6.29,CHEMBL3818079
648,-289.14737019300014,-37.61854243746157,6.362998262996412,-0.8372763201111731,-0.9320048882876679,6.11,CHEMBL3819591
649,-290.13722255206545,-37.61229703810118,7.127653848810147,-2.1248360639006494,1.2276571476092426,5.51,CHEMBL3622056
650,-291.212266966973,-30.68691879187509,-6.81912452948258,-0.2053371013853147,1.432204075875659,4.15,CHEMBL367827
651,-292.25574766945164,-21.646287511894116,-5.009010189255638,9.401437649396431,4.888852353064747,4.22,CHEMBL228315
652,-293.1913131499591,-29.986641889610848,-3.6770064648545198,2.075059965767779,3.94101920224597,6.09,CHEMBL228744
653,-294.1893808525652,-29.97693065592722,-4.435771918304597,2.9405507808608573,2.40670254552709,4.62,CHEMBL228527
654,-295.18910057475404,-29.98060937875517,-4.447142506114036,2.9306939498162112,2.5026915346037346,5.89,CHEMBL426204
655,-296.1457015381841,-37.90170412127774,7.228647042106518,-1.5473519960552178,-0.05205731700959104,6.72,CHEMBL3818539
656,-297.13843069449894,-38.17051337346262,8.684070137942195,-3.117643072317364,0.3094484206144667,6.98,CHEMBL4099681
657,-298.1363080634129,-38.07043172683191,8.128844130766966,-2.597570151706808,-0.2507735945648117,6.66,CHEMBL4083248
658,-299.85298483907144,31.89141485932224,-3.70047489253351,-5.0865426637976086,2.8805118551940154,4.29,CHEMBL1405
659,-301.02193900512674,48.583545653811754,1.6769821300285188,-4.412779364633197,-5.546155544972694,10.3,CHEMBL3805209
660,-301.1811150679479,-33.139003215941734,2.1459903850216144,1.3700684779021697,0.6535005361646001,6.0,CHEMBL3612353
661,-302.1426143613978,-37.06901947502912,2.69378026603503,0.21867597183402568,-0.9846961489155109,8.05,CHEMBL3953180
662,-304.3194280944635,84.88837302807661,2.6965979713002257,20.095259818704484,-0.7430494515505123,6.0,CHEMBL1627425
663,-304.1355741150128,-38.064865551785935,8.2630214935283,-2.8927114296489274,1.0730692360606433,6.23,CHEMBL226892
664,-305.715413708669,13.414063693353963,-19.00688315015604,-12.814484272629095,6.475765530221668,7.28,CHEMBL3622020
665,-306.1350750221788,-38.075168017657965,8.286961766445945,-2.9053404852406874,1.3506715222994252,6.69,CHEMBL3622064
666,-307.73788946760385,15.478031412019702,-22.911762406498056,-12.256250563890429,7.459559816497198,7.13,CHEMBL3622025
667,-308.8421842784163,32.55510716152238,0.2176569215281737,-1.7670192005450804,-2.0584006604981337,5.55,CHEMBL1627935
668,-310.9759796262434,147.69665953589708,29.05696143796462,23.731883325466395,-4.972411126680028,6.4,CHEMBL3806090
669,-311.0227429118864,48.49087364688744,1.7530128047255435,-4.479401490798852,-5.1775084019476845,7.52,CHEMBL3806272
670,-312.0198911227824,48.54229978433992,1.4615871798410887,-4.07779086936168,-5.59159264677761,7.52,CHEMBL3806025
671,-312.1354623483754,-38.19927523644497,8.117396474162069,-2.614962853575305,-0.30474548873729135,7.46,CHEMBL4084183
672,-313.70980191873593,13.043715255372078,-17.259861399862125,-13.111880350953793,6.213935928449199,7.92,CHEMBL3622019
673,-314.1360000093043,-37.85456430261946,7.140242468182803,-2.0513376247393458,1.2502100537159675,5.92,CHEMBL3622057
674,-315.1425649881384,-37.237897078125144,2.645819341194991,0.44309975713006566,-1.320913185632463,8.41,CHEMBL3910182
675,-316.1357991386707,-38.177657341237875,8.283328808790973,-2.899350322108332,1.303949104161829,8.6,CHEMBL3623232
676,-317.2998766607636,-20.063070760960766,-12.115374466084132,13.13321055865902,4.190593774851494,4.05,CHEMBL3612352
677,-318.2334175468498,-28.655117334680803,-6.563294358549448,5.8679644949707495,1.552303267023269,4.13,CHEMBL3612350
678,-319.2346970902346,-28.568945402709296,-7.0527044337233455,6.352387028878671,0.9579116446853925,4.12,CHEMBL3612305
679,-320.3010334108185,-19.997207467604593,-12.604651629659054,13.62359780645039,3.5949121019584354,5.17,CHEMBL3612307
680,-321.8547670357576,31.82043798133315,-4.241631822900902,-5.6433472213494635,1.0229134123303838,7.31,CHEMBL3600592
681,-322.85153914861183,31.668236344126353,-4.123549804903818,-5.631308208545839,0.8238966823910336,7.92,CHEMBL3600584
682,-323.18400079755327,-33.5903272969046,1.4252890914178753,1.1005285544331938,1.7261571876085233,6.7,CHEMBL3622008
683,-324.8504556287037,31.68731910797207,-3.9613005895933653,-5.709676608015246,1.2377212087948373,7.6,CHEMBL1945908
684,-325.1354769318223,-38.44952028261897,8.64607436433442,-2.986861533779329,0.2876807988681377,6.61,CHEMBL4072794
685,-326.3004377609762,-20.9338866854058,-3.922629364307145,3.5913135170783046,4.803385230741955,8.1,CHEMBL3098847
686,-327.7216798521951,13.726466279573069,-20.494164601134155,-12.169803380685973,6.73127366961562,10.46,CHEMBL3622029
687,-328.28780312998873,-20.1091616257362,-6.211745220702587,13.112340882816447,5.2727614020506826,7.89,CHEMBL3622013
688,-329.3054797907069,-17.809200721109747,-7.429093111469683,15.208102908780598,5.831841919846737,7.22,CHEMBL3622014
689,-330.35863256619103,-10.889009368615037,-11.081269695369931,21.489424272789588,7.510373523790082,6.43,CHEMBL3622016
690,-331.1334927295682,-38.33188141169976,8.294600134059118,-2.8227036472738383,1.3302486955952502,7.58,CHEMBL3622063
691,-332.8540431310531,31.710374285743924,-4.2435335410684525,-5.612134883863265,1.0134940217701847,7.02,CHEMBL3600593
692,-333.1750848637628,-34.775397640617186,2.1923735396106423,1.3844387238600586,-0.9818131465699657,6.35,CHEMBL3818226
693,-334.33407629725053,-15.484202311645992,-8.827735500610219,11.106526745981236,1.7127499380097482,9.4,CHEMBL3806300
694,-335.85081306420693,31.534971974045956,-4.1094872503332125,-5.59951852308132,0.8135090385405942,7.3,CHEMBL3600588
695,-337.0193877723155,48.21715652736358,1.2690703320800125,-3.5342808590342516,-6.390540718444121,7.52,CHEMBL3804911
696,-338.02065758500817,48.25768040882017,1.575732426231594,-4.193883967399808,-5.0485265080355255,7.52,CHEMBL3805387
697,-338.14220532400014,-38.278727730437474,7.247763689942204,-1.6052359623459946,0.12242908705430935,6.54,CHEMBL4061169
698,-339.1434327207587,-38.04447254932018,6.009404248964169,-0.27981199847912674,-0.6766858937145341,6.62,CHEMBL3819198
699,-341.22245365620074,69.11645921451344,1.0761322407214544,2.128352246342237,-4.199963274470582,7.0,CHEMBL3805944
700,-342.01779799947644,48.12939621031426,1.9850117066835447,-4.358972830995785,-4.956310042004163,7.52,CHEMBL3805090
701,-342.1391382456797,-37.583110790189956,3.0918955031577946,0.055199557741279257,-0.6783534342477067,7.78,CHEMBL3981927
702,-344.0369814637697,49.87491010593916,-1.5597170986270668,-2.8608021126936776,-5.9573493832844635,7.36,CHEMBL3805636
703,-344.1448540596147,-38.28770366262396,6.88860811079236,-1.3994675987833456,9.317570337916976e-05,6.75,CHEMBL4087245
704,-345.1418757117607,-38.28148230648666,6.770491438591755,-1.27074502143919,-0.05232750621575472,6.31,CHEMBL4079364
705,-346.13688949762286,-38.22533861022179,7.404106667889741,-1.7220962720950022,0.7773453763513608,5.86,CHEMBL11548
706,-347.14888323506193,-38.00728290041847,5.847122547591889,-0.8585700329098944,-0.15454720223522242,6.52,CHEMBL4102669
707,-348.1486954637117,-38.364563443628114,7.098951015635291,-1.5829584096784994,-0.037895624856357286,6.64,CHEMBL4105101
708,-349.1528203747727,-37.80289519662393,5.013002255490324,-0.38425862721567006,-1.0267310552430484,6.75,CHEMBL4099477
709,-350.1504847708941,-37.92176375549228,5.442154808746362,-0.6064244479194308,-0.45662280153307977,6.42,CHEMBL4072568
710,-351.1427494802553,-38.355928533132484,6.8488688667072415,-1.3211536195622449,-0.03341267781039258,6.68,CHEMBL4097394
711,-352.1337320398173,-38.72169480438351,8.63751831716268,-2.8893914354422923,0.26141483756586337,6.91,CHEMBL4066635
712,-353.1588583437721,-36.673838329649286,3.150552058601197,1.371999332812594,-1.5405122008517782,6.33,CHEMBL3819219
713,-354.1498714624963,-36.88066911079966,5.114526637265588,-1.4931147839326093,0.6875613965970216,5.52,CHEMBL3622071
714,-355.8510140485594,32.054929178178156,0.27588021155402326,-1.6357783147141949,-2.013023353736646,7.41,CHEMBL218382
715,-356.18547604527464,-30.595014542532976,-4.497068199410032,3.121538121707961,2.3203078954423733,5.4,CHEMBL230359
716,-357.8501677873686,32.29940914069713,-0.5410937594675854,-0.8668040706205574,-2.1607286229066536,6.0,CHEMBL425287
717,-358.1445161314054,-38.09308496794117,5.680146971971934,-0.6429901708802974,-0.1940283909957674,6.58,CHEMBL4094925
