,1,2,3,4,pChEMBL.Value,Name
0,358.53572653230106,-9.325113529987858,-9.642488544888229,-4.605572754050288,4.98,CHEMBL76374
1,357.52908530890204,-3.032552088077662,-8.649909063577818,-3.6637219491639508,6.3,CHEMBL349091
2,356.5347933293875,-4.618440106632622,-8.782332802608348,-4.496613773443179,5.47,CHEMBL420395
3,355.5233941376132,-0.35735375364691563,-7.767985139079058,-2.7932713487953333,6.55,CHEMBL136664
4,354.5160280494499,-14.977168557080251,-2.9480889433760376,-1.6402823723372506,5.16,CHEMBL63397
5,353.51360294906016,-15.085867719490397,-2.2481282594673213,-1.325842873001767,6.72,CHEMBL67175
6,352.5221171617727,1.6729027367449598,-3.526746215248202,-4.618818684275517,6.82,CHEMBL228541
7,351.48774118972085,-13.039600042393356,1.7972294623283984,5.57264560896196,6.32,CHEMBL479928
8,350.49350768512585,-15.47090184095001,-0.4928122103655892,5.035477559187369,6.8,CHEMBL598009
9,349.48028602343805,8.221187907626739,-1.2412184256343057,6.458568705016565,6.08,CHEMBL1627410
10,348.5219908926353,-1.2050190904626772,-4.52314560587688,-4.28071260894343,4.7,CHEMBL228371
11,347.5004829887997,10.049089229308423,21.994248219738292,-7.778762447284912,5.05,CHEMBL27198
12,346.49333866156496,10.014160751704521,22.624389413471363,-6.768541946131444,6.34,CHEMBL231602
13,345.49986633379297,13.18668302087489,22.566772150238457,-7.70838873228344,4.72,CHEMBL27197
14,344.49680783496507,8.062575930404748,22.49688448092018,-7.8194195937427775,5.22,CHEMBL284412
15,343.53648293415864,-12.467513833648436,-10.23829986639212,-4.733719406833878,4.5,CHEMBL79227
16,342.49328279547734,-15.71703029582539,0.9996900356289268,4.726795771331108,5.29,CHEMBL325346
17,341.5213030153744,1.649616677293015,-3.702768333794258,-4.429769354200788,6.6,CHEMBL228542
18,340.46766704559235,-17.03649121903704,7.60700644705805,9.523645580721793,5.54,CHEMBL1672974
19,339.52587861575745,-4.834363741779656,-7.0870614257405595,-3.9694758418147096,6.87,CHEMBL344037
20,338.4676671289398,-17.038376537659634,7.604644481832999,9.527400804642985,9.89,CHEMBL1672979
21,337.5238895011881,-1.1912300203114834,-4.199991017783651,-4.853879355389998,4.37,CHEMBL389265
22,336.53342935935075,-2.626747411176124,-9.377059213308744,-3.8454160031368256,5.47,CHEMBL84380
23,335.51959636113224,1.2421929611788123,-9.93719343695064,-0.6705795830712145,4.95,CHEMBL334696
24,334.5340245345342,0.08257859661190359,-7.9495739909210705,-4.455622954932799,4.65,CHEMBL305637
25,333.53086412538335,-6.208293167366444,-9.019347289150955,-3.9669751020795587,5.03,CHEMBL347202
26,332.5044239117932,-0.43430403873421636,20.236852515673313,-8.685113651951655,4.54,CHEMBL27775
27,331.5300898027847,-4.6243809317995614,-8.853806027779209,-3.862926239089377,5.77,CHEMBL443552
28,330.5156373782553,3.7647347143850487,-2.641120160901257,-4.080156157298856,5.03,CHEMBL184540
29,329.5154069476513,3.760782215627668,-2.643656972931519,-4.0708264644633285,6.75,CHEMBL186816
30,328.49781179523933,8.692256625245678,22.335568960332534,-8.008879226097413,5.85,CHEMBL26541
31,327.5162500003309,-14.984802429229704,-2.9850747996760667,-1.732039391167686,5.3,CHEMBL63504
32,326.49342388524354,-15.72197638471732,0.9778029187021473,4.672921042475872,6.72,CHEMBL390496
33,325.46866569469216,-17.179578991003343,7.939325133752657,9.289715249364253,6.62,CHEMBL1672982
34,324.5071752774842,-10.747851969669654,-1.3592630269394284,-0.23389106714268174,6.72,CHEMBL137119
35,323.48053143320413,8.211495825885489,-1.2769689735140461,6.369499792490284,6.96,CHEMBL1627418
36,322.4816461234671,5.300351016777339,-1.9044369994884682,6.336461831876564,5.99,CHEMBL1627553
37,321.5111121840185,2.099793930873461,-4.157324886469827,-1.0520446173848155,4.99,CHEMBL181078
38,320.5062790666174,-10.99913367280312,-2.8111282488609812,0.6863290533690934,5.59,CHEMBL137313
39,319.52050767998486,6.251325491155309,-5.936491675316124,-3.2615242495124237,7.35,CHEMBL137289
40,318.5297172258461,-7.293293590277966,-13.097884059287397,-1.7235633826883034,6.0,CHEMBL26036
41,317.49901884965266,13.360573275625043,-5.2407488875094375,2.001407766037838,5.25,CHEMBL1627428
42,316.4991550817607,17.88572257208067,23.389942036218315,-7.691186770506825,4.3,CHEMBL285011
43,315.5242295008034,1.6793406707522318,-3.239207636925371,-5.280344041447689,5.38,CHEMBL426202
44,314.5187272695583,0.39770482281498865,-4.447907932505869,-3.985598706178034,5.34,CHEMBL389890
45,313.4625411387273,-13.576269563023747,6.6417363087279595,9.774045042874658,4.1,CHEMBL1159897
46,312.5231719150419,10.452813198502703,-6.768872143798559,-1.7337788222243489,7.25,CHEMBL44459
47,311.50463086213415,14.312248644421327,-7.1452002364852145,1.706906622742655,5.7,CHEMBL1627411
48,310.5224624186988,1.6610278245124692,-3.584279769492691,-4.761551824678417,7.3,CHEMBL389889
49,309.51872302825075,-0.8758460694291754,-5.11644240851305,-3.766477178978802,5.4,CHEMBL389867
50,308.52254636606585,1.9695260506838954,-3.9031546582809264,-4.730741832030407,4.89,CHEMBL228797
51,307.51907461774914,0.4431539148644899,-6.682204224870485,-2.3079482040081056,5.1,CHEMBL444886
52,306.53583744535035,-7.7707361704869395,-9.426088752649308,-4.743704709895915,5.23,CHEMBL306782
53,305.53552911784686,-6.201939274703704,-9.139826787399226,-4.708517852395177,5.42,CHEMBL78282
54,304.50125390723383,2.6804385669155533,-4.461751831888852,1.6392050376768288,6.58,CHEMBL187900
55,303.5345959149336,-1.4952658513484658,-8.279671045119338,-4.59955887178813,5.32,CHEMBL80330
56,302.4814733545813,9.376610953925272,-0.2564130146415034,5.734347576898731,6.96,CHEMBL1627421
57,301.4731659867743,11.731656783745773,1.199988429919065,7.018525016748446,6.58,CHEMBL1945897
58,300.5037716428478,19.016377443726746,-6.297373112972004,1.785279930406226,6.36,CHEMBL1627427
59,299.5149966662729,3.6720579343526527,-1.3173557780961367,-4.700362643300791,4.91,CHEMBL188214
60,298.5349535648551,-3.0657591631649126,-8.57415208954721,-4.655136177917851,5.3,CHEMBL421505
61,297.5140632916283,-15.10170093580038,-2.3248396651266408,-1.5161537268723002,6.11,CHEMBL65211
62,296.517244104245,-15.098312665670612,-2.6396593597339915,-2.155220381753983,5.15,CHEMBL305077
63,295.5191732625852,0.4397610827980642,-6.698642383226055,-2.348729101266077,5.4,CHEMBL387708
64,294.5254577704879,-3.2626091544507987,-6.9804235651429325,-4.011558527332259,7.21,CHEMBL138488
65,293.4807463660061,8.205354691316751,-1.3179298312936247,6.268257851146033,7.62,CHEMBL1627429
66,292.4953594047904,22.304446498223015,-2.547158882384304,2.3623407767757834,6.72,CHEMBL385226
67,291.4762681982988,9.300740643270274,-0.4945416423687209,6.91770133195091,7.21,CHEMBL270250
68,290.45582194817604,9.322112140559655,6.807210738842796,10.504730301634991,7.66,CHEMBL1627617
69,289.517301647066,-15.10029181770937,-2.649248285441408,-2.1790092384878,5.28,CHEMBL63345
70,288.51747516687936,-14.975653170054533,-2.877545007611545,-2.0910091264839648,5.34,CHEMBL65399
71,287.5026123164612,25.289020402809864,-5.164653870738339,1.8954416874657043,5.22,CHEMBL1628149
72,286.49352721420365,-15.750680802755612,0.9311660351422272,4.552494661041289,7.4,CHEMBL108646
73,285.50161499750703,12.42104672901469,-6.8562162716221815,2.116859833422963,5.85,CHEMBL407952
74,284.50580245673444,9.597375876905561,-8.045081528124388,1.4993938070955084,4.84,CHEMBL1627625
75,283.4983413971365,7.156029905059808,21.76799763986886,-7.967469972267696,5.5,CHEMBL26969
76,282.51657457514335,-16.269662761695287,-3.7084031368684776,-1.6488541881616934,5.24,CHEMBL63838
77,281.49377056644266,9.995133729967147,22.540286607426392,-6.972291247500787,5.16,CHEMBL25794
78,280.4809002323627,8.195677385438612,-1.3356291845632968,6.233209982312736,6.19,CHEMBL1627606
79,279.507695206082,5.282900901799368,-7.151217728760721,0.1539592232941536,4.77,CHEMBL1835542
80,278.5034171303221,9.163033033394541,-7.324051496556706,1.7670737174886475,5.3,CHEMBL220493
81,277.4765374513263,7.6426197313334665,3.063821736108319,4.554495974904251,7.13,CHEMBL1947225
82,276.5065094623987,5.221104909279839,-5.5323976123899605,-0.7103215857127766,4.58,CHEMBL1835543
83,275.4679854479457,-17.072686350017083,7.526153827804678,9.318758797488492,7.26,CHEMBL1672981
84,274.49500777880866,-15.631236509253977,-0.24405416197845425,4.594244333435148,5.2,CHEMBL598628
85,273.4680018887517,-17.073251822028155,7.523414134745412,9.311961981278829,8.64,CHEMBL1672977
86,272.49500889778517,-15.628141189056198,-0.24703704476258473,4.577605778895302,7.46,CHEMBL598199
87,271.4950171181882,-15.628423925061734,-0.24840689129221555,4.574207370790472,7.54,CHEMBL609618
88,270.4682261163439,-17.057602586036044,7.511494917818114,9.296309053514475,5.54,CHEMBL1672975
89,269.5033690290205,8.90210793026586,-5.586112207219321,1.0731023906462833,7.4,CHEMBL229993
90,268.480752309698,8.181788847169654,-1.3443663171959832,6.188755351975118,6.89,CHEMBL1627640
91,267.52336556305085,3.023307400003632,-3.058694566086367,-5.287769925867259,5.6,CHEMBL228914
92,266.5282622847289,-9.788298789369687,-7.554986006568017,-4.585277973946435,7.66,CHEMBL137392
93,265.5024991827891,10.77209658145468,-7.13884133107784,1.8794264331216584,6.0,CHEMBL366014
94,264.4779241634616,7.809770463621191,1.5140061895730001,4.7973764168229796,6.46,CHEMBL1945895
95,263.47311349082383,13.33557104999333,1.811196298281828,6.725962898326723,10.4,CHEMBL3806018
96,262.47604899135814,12.304902312704764,2.3327958243344473,5.023447836436777,7.36,CHEMBL1945899
97,261.46831645742947,-17.05882736347434,7.498788571217225,9.255171340440146,7.77,CHEMBL1672976
98,260.46910929257604,-15.891718307532699,8.546984650407248,8.697829025275386,7.66,CHEMBL1672980
99,259.49917980944866,3.6199363661896444,21.631936655808428,-8.115449317800616,4.96,CHEMBL27864
100,258.5012663052231,10.457086136927613,-5.891601968194701,1.6283028612252952,6.54,CHEMBL137708
101,257.47988246682553,-1.7898027661391385,26.86352098778809,-4.2086080478079095,5.32,CHEMBL26414
102,256.51769932978345,-4.420229094906388,-5.524459274624096,-3.1215713517514487,7.35,CHEMBL137391
103,255.5281140581548,-9.795078648182423,-7.5712212838945865,-4.609932362159219,8.25,CHEMBL137217
104,254.52614509421983,1.1918658010852718,-5.558001482465573,-4.3559620119654205,7.11,CHEMBL137707
105,253.53082538830145,0.039797527697049785,-6.4451766100947925,-4.971392779928447,6.39,CHEMBL137692
106,252.49822486897088,6.655618102996223,21.821971904766162,-7.700663759415112,4.75,CHEMBL286712
107,251.51761402238,-15.111035785919716,-2.7013024535673726,-2.308148746471376,5.16,CHEMBL434211
108,250.50481575881074,15.864081379872434,-6.9411290630129665,1.5381889939535367,6.03,CHEMBL1627433
109,249.49624860062448,11.899850003605462,22.226265721154434,-7.750478810232419,4.82,CHEMBL27368
110,248.50682444608358,6.47484687538478,-7.386411842557808,0.95227765221537,4.37,CHEMBL1627869
111,247.52788907033087,-4.357464189781566,-5.318887524347621,-5.347509682122848,4.24,CHEMBL376171
112,246.5369637653432,-10.925859594396602,-10.083543167986582,-5.02477972739691,4.88,CHEMBL77121
113,245.478723982016,8.084686783257958,-0.6827296621117604,6.412420129423604,9.41,CHEMBL1627878
114,244.5248626765172,2.9314807546572443,-2.6749028366158205,-5.758527895929443,5.35,CHEMBL228916
115,243.51172273179347,2.0850621068593944,-4.264659295230762,-1.336803926221991,5.75,CHEMBL182155
116,242.4837318469659,1.3147373155219952,4.643708097295083,2.215731006514534,5.13,CHEMBL332811
117,241.50438381504802,10.06158311405804,-4.5749019843293235,0.424003056651094,6.28,CHEMBL389320
118,240.52396274312082,2.8977724382908527,-2.780217499791304,-5.6096021372165445,4.46,CHEMBL375730
119,239.52563886617494,2.8252445262787114,-2.293750047457649,-6.0925669644747655,4.7,CHEMBL228915
120,238.50819878004873,-12.341246897934475,-1.7647016402673843,-0.5647394297637135,5.79,CHEMBL137156
121,237.5236121751408,3.0148253198375667,-3.0997899619752878,-5.389722169012188,6.14,CHEMBL375729
122,236.52412636974222,-3.2959070089839413,-7.39809756378068,-3.672881940119026,7.3,CHEMBL137513
123,235.5055721606686,12.721681076211866,-7.536940384516859,1.4100423411699328,5.46,CHEMBL1627871
124,234.49201433414362,-14.37626877172195,0.6262957632597473,4.899090969263209,6.04,CHEMBL479551
125,233.51695843336665,2.167395695101341,-8.877295817993092,-0.7368462087112654,4.61,CHEMBL342715
126,232.5044103586125,10.646835823362618,-6.413149728013947,1.188517326589115,6.89,CHEMBL408967
127,231.48260865980055,3.9044739280016865,5.05689969708354,2.402065602344323,5.42,CHEMBL333727
128,230.49500341718652,-14.584965728707042,1.8960763397548135,3.802071894860298,6.27,CHEMBL390717
129,229.4813194729157,8.181257849156305,-1.4054913575744619,6.059891168966356,7.1,CHEMBL1628091
130,228.49423524324902,-15.752922992665289,0.8437707209758972,4.349218985710561,7.7,CHEMBL322322
131,227.49501275656604,-14.582153144514798,1.8917236104410533,3.782034932215626,6.42,CHEMBL226736
132,226.52141225499216,1.9294425320179016,-4.353704973629808,-4.4736270393331194,5.4,CHEMBL376176
133,225.50470472097936,17.426092611522815,-6.6877434144740215,1.4918140569383331,6.11,CHEMBL1627417
134,224.47889522302782,-0.44159499680470515,27.06458175657156,-4.165057810655015,4.92,CHEMBL26970
135,223.50219105605981,5.463502074501748,21.17468517175737,-8.823447758031058,5.1,CHEMBL26041
136,222.51839294266648,-15.112214835983199,-2.6524919559720783,-2.5453792539216575,5.32,CHEMBL65446
137,221.51978157240717,0.4188386183884384,-6.800011026418726,-2.6002113010235672,5.64,CHEMBL229010
138,220.51900200787628,7.183748006329977,-4.694850276778449,-3.365988917791244,7.96,CHEMBL435988
139,219.4808346331683,7.873119592160131,0.8928627421529993,4.287554588724671,6.53,CHEMBL1945894
140,218.4720551633179,11.875167834055121,2.8706960463505684,5.447364974076843,7.75,CHEMBL1945903
141,217.46122239527526,6.917218237227304,5.856327472339282,7.840082319629489,7.7,CHEMBL1945906
142,216.50629067477706,6.551324434045779,-7.866843022102502,1.1968981395489102,4.37,CHEMBL1628113
143,215.52511991044278,0.2749719829056244,-3.7675430706137605,-5.5034054166251805,4.89,CHEMBL229061
144,214.478318826153,7.794313816732894,1.4458915909256753,4.638008051712289,6.72,CHEMBL1945909
145,213.5159494633067,0.6900847882378411,-2.645220979888477,-3.9324098718612466,5.55,CHEMBL359751
146,212.52754368862307,-1.229200686397768,-4.791568529325262,-5.38928343458079,4.92,CHEMBL228317
147,211.51675051885624,1.8569111081739462,-1.5983947472280828,-4.493150595130833,5.72,CHEMBL179014
148,210.52261387006226,2.8709363306102698,-3.085313398212064,-5.13728947656125,5.3,CHEMBL228543
149,209.5070480315368,7.725172513185288,-6.753523624026528,0.6174875320468597,6.05,CHEMBL366144
150,208.5087877373649,5.122253233211466,-7.3844614146753145,0.19927182545044544,6.38,CHEMBL1627728
151,207.52540871629066,-2.8410865270729504,-8.380578241207324,-4.0447066820480275,8.62,CHEMBL3622011
152,206.499428162043,3.5703769533933136,21.496888659493035,-8.35747482288454,4.6,CHEMBL26647
153,205.52226210347806,3.4962588312277947,-7.710194116542553,-3.608120781458313,7.12,CHEMBL3622015
154,204.5043392828786,-15.306162894193713,-2.5586321754659056,-0.38557898523240075,6.55,CHEMBL4090835
155,203.49481199124222,3.649143241732101,22.54379548678535,-7.722269556739907,4.66,CHEMBL27057
156,202.50569540056256,6.510021103331548,-7.983843707161526,1.2877704876347693,7.1,CHEMBL1627551
157,201.47231709545756,-11.481552407648485,7.615688064378293,4.442776304391185,6.47,CHEMBL4078408
158,200.47212508817316,-11.563574990912528,9.105388733635685,4.0722694311012475,6.36,CHEMBL4083045
159,199.507113564963,5.21149353284331,-8.182026848818262,1.0645621071712845,8.78,CHEMBL364332
160,198.49788053251712,-1.6934171058059224,4.036471187569203,-2.133218999203175,4.83,CHEMBL3612306
161,197.47929226805573,-3.825142672488837,7.940333548402862,4.197440475128372,6.52,CHEMBL3622364
162,196.50594417873845,5.15101738693531,-6.563584460281717,0.18972925803350002,11.0,CHEMBL2011408
163,195.49230325057255,-14.384954530340504,0.5730062867134912,4.767263354975475,6.26,CHEMBL480321
164,194.50813430527683,6.871362829268642,-8.96961991570249,1.1634854864080668,6.7,CHEMBL2011418
165,193.47303063020692,-11.430362423832062,7.580167076623392,4.3675598088103955,6.44,CHEMBL4067505
166,192.5296166235218,-12.520181026647204,-9.317865304300339,-4.712244972377195,7.52,CHEMBL275331
167,191.5012010180159,9.074556716929207,-6.784853384253998,1.8259938222368604,10.0,CHEMBL2011422
168,190.52966735279833,-1.4952912934241562,-8.710392479595125,-4.1204104234708545,6.77,CHEMBL155465
169,189.53853317781906,-13.853195160228813,-10.814872793565234,-5.340511545995891,4.5,CHEMBL311899
170,188.5047072188232,7.823708219722577,-7.7782170299003965,1.4234660388317903,7.8,CHEMBL219321
171,187.4948322889855,-15.513327017643444,-0.7163403844202608,4.4716952997697454,5.26,CHEMBL598629
172,186.51446689073933,8.34967048438161,-3.9435612130685476,-2.7021160148535124,7.96,CHEMBL359199
173,185.47944236617286,14.240916002213854,-0.35708984472752486,6.162131237122462,7.6,CHEMBL1627626
174,184.51079408980613,-15.21023682711808,-1.7611458432170282,-1.7928238375444927,6.17,CHEMBL137424
175,183.48135041988832,9.744653209108137,-1.1813588656074954,5.922466185089342,6.21,CHEMBL1627612
176,182.5071367353091,-2.903041860972453,15.953080655716999,-7.482745153972043,4.39,CHEMBL422576
177,181.481291832197,-0.6438989106126577,27.80897857725581,-5.020830970834982,4.64,CHEMBL26958
178,180.50090040961763,2.205487759732288,21.21500694546136,-8.601531138222462,4.62,CHEMBL286518
179,179.49366221338502,9.874763587873332,22.635649118626734,-7.514333166790184,5.4,CHEMBL25760
180,178.50313842853262,3.7249883172178486,20.612216909111844,-8.507434479423624,4.7,CHEMBL27721
181,177.4646281630854,7.294613527152441,2.929494313093929,9.065921554588352,6.92,CHEMBL1627953
182,176.52645431218838,-4.434329050822504,-8.591324438056882,-4.260903012497631,7.52,CHEMBL3622010
183,175.5028465418352,5.293219740990013,20.89573918130267,-8.479044438132545,5.22,CHEMBL285331
184,174.49765589425422,10.294167095612345,21.955246277001127,-8.116205097294584,5.75,CHEMBL27369
185,173.50222988682833,8.430813532556478,21.468263111802834,-8.408670723131074,5.1,CHEMBL286960
186,172.52806872060972,-7.604415410000553,-8.933365733037414,-4.4961880033166395,7.16,CHEMBL3622009
187,171.4795640039954,7.6446292832231215,1.7394768469564121,4.298370253288628,6.86,CHEMBL1945913
188,170.50165391901353,2.441030745475997,-3.158366193210529,0.6163323445363319,5.82,CHEMBL183635
189,169.47554888582127,7.751369029234785,2.112501773655052,4.853693650827446,7.64,CHEMBL1947221
190,168.47872864397917,7.778967014880934,1.3827441124533226,4.480970977089391,7.17,CHEMBL1945910
191,167.49544854306018,1.5431456766087508,3.873569724464668,-1.639434580712019,5.26,CHEMBL3612349
192,166.47747124585902,9.139600392595819,1.6260269339304696,4.620030127161867,6.68,CHEMBL1945898
193,165.47652982254274,13.846556551956594,2.487552522739987,4.732387515873745,7.58,CHEMBL1945900
194,164.4762214950393,15.415353447739824,2.773814487990072,4.767574373374482,7.29,CHEMBL1945901
195,163.5334645120102,-9.400126503533759,-8.29425366843985,-5.508761102996654,6.14,CHEMBL137262
196,162.4947461105589,-15.769242623433298,0.7534953881296126,4.12563435259239,7.41,CHEMBL108483
197,161.52655108408706,-3.300213043187018,-7.162613153583818,-4.463546805274775,5.2,CHEMBL137227
198,160.5023609207513,10.177657518376687,-5.763853246108747,1.1624373121551812,6.5,CHEMBL219273
199,159.50733258753206,4.858793407249878,-3.647345407022168,-1.5627737992491,8.25,CHEMBL341736
200,158.50197025788947,9.02068828632567,-6.787102549674041,1.6771026523492458,7.75,CHEMBL221802
201,157.50969257629862,5.291537603006724,-8.93308125616269,0.6094487627779303,5.48,CHEMBL1835539
202,156.5087063156511,5.248124373118502,-7.319708851905293,-0.26404497360005397,5.62,CHEMBL1835541
203,155.47860426354688,7.761134948397587,1.3728803230158737,4.4429596769771225,6.95,CHEMBL1947219
204,154.50991680389075,5.307186838998829,-8.945000473089994,0.593795835013577,4.4,CHEMBL189051
205,153.4786207043529,7.760569476386515,1.370140629956612,4.43616286076746,6.32,CHEMBL1947220
206,152.5114296533281,-16.573313133955537,-6.9139176198176635,1.5546185375581474,7.79,CHEMBL592320
207,151.47963768374416,8.945213086942855,2.4087794574443873,3.8594123939171605,6.71,CHEMBL1947224
208,150.50080374502582,-9.323754960405637,-2.609333437765263,1.2434091487042902,8.0,CHEMBL3622030
209,149.46485833436944,7.286696918997447,2.89113861026427,8.970766127653079,6.92,CHEMBL1947228
210,148.49604354958672,-15.666861245951448,-0.41665482471192183,4.166044912226447,7.54,CHEMBL598211
211,147.47762743351603,9.134228408490642,1.5999998498674866,4.555460373170079,6.47,CHEMBL1945893
212,146.4789094928452,7.772746822759151,1.3526074888014474,4.40620599878311,6.57,CHEMBL1945911
213,145.4554721944277,6.304826984567119,8.875669841258548,8.443831191382548,7.41,CHEMBL1945905
214,144.47765209472504,9.13338020047404,1.5958903102785944,4.545265148855586,7.19,CHEMBL1947223
215,143.51089892883715,5.166549857666194,-8.607580128111076,0.3629070959445109,5.17,CHEMBL1835540
216,142.4960928720047,-15.668557661984659,-0.4248739038897059,4.145654463597462,8.26,CHEMBL592131
217,141.48770196613572,1.3164026462119258,3.777100321239625,1.5038778240940596,5.21,CHEMBL440159
218,140.47789034766592,4.516127905728954,1.4340150556251448,5.130527813956195,8.52,CHEMBL3622027
219,139.49611753321375,-15.669405870001265,-0.4289834434785975,4.135459239282968,7.49,CHEMBL599442
220,138.49611043178726,-15.666027813797953,-0.4305964797330978,4.122219092847956,6.85,CHEMBL592376
221,137.47965712886264,9.326288506876615,-0.16898784395284552,5.809278486378474,7.52,CHEMBL3806088
222,136.4927882543496,-14.4016359546671,0.49218534146528076,4.566757276790451,5.33,CHEMBL479559
223,135.49491609434534,-9.927312069354173,2.718887707189264,3.545358520449808,6.0,CHEMBL3622059
224,134.52177938106612,-2.0400983734918356,-9.392929497737175,-1.7908996826021493,8.77,CHEMBL3797224
225,133.49889109038082,-4.804378177891271,3.1538711247331963,-2.1983631730756454,4.57,CHEMBL3612308
226,132.4693922112461,-17.098961100397272,7.322321558619733,8.826618433247132,9.08,CHEMBL1672978
227,131.5153675555425,5.968526650771105,-8.94159974520336,-0.8546018282394833,9.0,CHEMBL3827021
228,130.49680404430737,0.2338583515224759,3.5919515460819436,-1.9182628399532262,5.15,CHEMBL3612304
229,129.4913461240605,1.259926667201111,4.2138572050674306,0.8217906820036567,4.98,CHEMBL121068
230,128.5094462482545,-15.242969209640151,-2.176080148795512,-1.4473504341215984,6.36,CHEMBL137541
231,127.50978177142879,7.860804478778879,-5.12886246127723,-1.287919529381,6.85,CHEMBL136663
232,126.45342638838474,6.451857443656718,7.935023472972356,9.132042723956658,8.05,CHEMBL1945904
233,125.48352659062188,5.291509635729787,-2.067377680539569,5.496150160215573,5.42,CHEMBL1627916
234,124.5154854213475,-15.150614264758017,-2.561823114752749,-2.1040783290080545,5.5,CHEMBL65204
235,123.50744248952402,7.982775748225579,-8.553258631174648,0.9136648366121571,4.71,CHEMBL1627631
236,122.50296567528787,6.8473143644854,21.110769127011956,-8.620574802083018,4.89,CHEMBL287229
237,121.50843572625081,3.263571731461574,-3.867680529579143,-1.8027589864325195,7.96,CHEMBL137479
238,120.51108154459125,-15.232001694224198,-1.8499829866140234,-1.997593855313312,7.21,CHEMBL137169
239,119.47790571700449,7.707825958315625,2.9383080987361994,3.450521656930056,7.05,CHEMBL1945912
240,118.50422342947668,-12.681768669939652,0.17925233117091205,-1.5004730626733824,5.79,CHEMBL137243
241,117.47281415544084,11.858486479924613,2.6883708291667463,5.187818964810809,7.21,CHEMBL1945902
242,116.50396464142518,2.1383790530858806,20.239654612495023,-8.75672104752871,4.8,CHEMBL27657
243,115.50961148890924,-15.300757800917735,-5.398299461172309,1.126655042071804,7.06,CHEMBL3235682
244,114.47914086645311,7.766040216179348,1.3089069379626064,4.298167241229193,6.31,CHEMBL1945907
245,113.50024896804373,21.696245962291645,-5.424068038824761,1.8840884495884984,6.28,CHEMBL1627627
246,112.45661842571681,6.836603869725777,5.043806323497397,10.446240569641118,7.46,CHEMBL1947227
247,111.47598638044107,10.320398885176928,0.6934518850279562,6.2171297722182475,6.44,CHEMBL1945896
248,110.47911084128837,8.123392335054744,-0.8403584696532841,6.0149631317945165,6.9,CHEMBL1823787
249,109.47174078235271,11.78340182494883,4.344312430580471,4.222852905957831,8.1,CHEMBL3600586
250,108.47948135105369,7.680106705263363,2.4852266047555815,4.009130578820599,6.13,CHEMBL1947226
251,107.49302664603663,-14.409835298827627,0.45245979210599035,4.468203441750351,5.58,CHEMBL518761
252,106.47813468345831,-16.663019627265484,5.083110324295006,7.127202542324565,6.43,CHEMBL3622062
253,105.49753973485556,-1.6433393708903579,3.452077330765551,-2.071827241611225,6.07,CHEMBL3612348
254,104.50928124521485,8.002320348810388,-8.072396492863222,0.3361666005695532,7.36,CHEMBL3806285
255,103.51033604444385,5.292767302716521,-9.014862646101157,0.42047702166719997,5.32,CHEMBL1835538
256,102.50285192471642,7.467709532334482,-5.044852650950985,0.31224724060200215,9.0,CHEMBL3622021
257,101.45355263422441,6.801952259804349,5.757369016068427,10.78802408445138,7.68,CHEMBL3805064
258,100.51475425344456,6.582713465938292,-5.945390689905733,-2.2535945929332573,5.82,CHEMBL1835424
259,99.47612431403135,7.731577508847299,2.0166125165809032,4.61580508348928,7.14,CHEMBL1947222
260,98.4524461547765,6.382993050998806,9.519597426102344,8.182801712328947,7.48,CHEMBL3600591
261,97.50183348823627,7.5481887648985015,-7.146570290642359,1.3704180578149074,8.05,CHEMBL3805984
262,96.47493857034804,7.669781516327772,3.635432632951662,3.751524274482349,7.96,CHEMBL3600585
263,95.45432485177514,6.723380931227061,5.721849462932023,10.706305539299308,7.52,CHEMBL3805117
264,94.48277885567619,-9.011949634699612,8.559589344210004,1.4733740535279014,6.8,CHEMBL3805454
265,93.48180450550505,21.823920719588823,-2.5178987918046176,4.216325632276205,7.85,CHEMBL3805967
266,92.48206925951243,4.250957281049834,1.5061227907595387,4.1769374862007025,9.0,CHEMBL1235380
267,91.52136474086996,-2.167165980545708,-9.19878292670558,-2.5720295660799333,8.1,CHEMBL3612354
268,90.49294851654489,11.297496820202056,-2.047693907864712,1.0791184323869734,8.4,CHEMBL3612355
269,89.50030413444904,-6.115644655016293,2.8626640206430567,-2.50098028905067,4.47,CHEMBL3612302
270,88.52559618084315,-1.2902544041537172,-8.375309023802366,-4.3382715673230665,9.0,CHEMBL3622012
271,87.49873904844574,-2.947254711871457,3.1964862364458093,-2.286085746860644,5.11,CHEMBL3612303
272,86.507979020722,7.903285573562569,-8.619271906361076,0.7589905046987167,4.08,CHEMBL135
273,85.49685907366813,-1.4297215185237295,2.711028654726836,-0.3776893535899724,6.51,CHEMBL3818315
274,84.49984384337621,-7.202498337405748,-3.850391044425249,2.77025553922087,6.77,CHEMBL3235689
275,83.48046279097001,9.19528731040115,0.11586481059410009,5.340415860037262,7.36,CHEMBL3806286
276,82.48241775193577,11.540776190197196,2.2426831307174027,4.19664788715639,7.52,CHEMBL3805071
277,81.48332277514447,20.405835869975668,-2.8399023257026745,4.074607007693115,6.4,CHEMBL3805656
278,80.45665015152015,6.566737447949254,6.615921049210774,9.902548131160948,7.52,CHEMBL3806175
279,79.48087318365768,9.205144398286246,0.1394417396891999,5.294340476961746,7.52,CHEMBL3805959
280,78.5069906756157,-12.300554171307418,-5.719716496708606,1.869131772681462,5.99,CHEMBL3235681
281,77.47378660245826,12.127465343445131,0.46286820035974185,6.731496107209982,7.52,CHEMBL3805811
282,76.50815182352488,5.177444399846076,-8.350721377221113,0.6382636651527839,5.12,CHEMBL494753
283,75.50518379102395,-15.360453129528025,-2.727154972615646,-0.8079638871748791,6.54,CHEMBL4069839
284,74.53077885662587,-12.612496311337736,-9.494468806403976,-5.11691700977713,6.42,CHEMBL269221
285,73.49602289475207,-7.667114256764306,1.0137685574224067,-0.17417912359899723,6.16,CHEMBL3818455
286,72.47204493726376,11.772940592744012,4.293628108984139,4.097111806079086,7.09,CHEMBL3600590
287,71.47514408042309,7.662713116189385,3.601186469710894,3.666564071861575,7.17,CHEMBL3600589
288,70.45163380724347,-15.660319346156712,13.804926324809601,8.408815657226468,6.72,CHEMBL3818539
289,69.49982539493864,-10.394843785223214,0.8073507399139103,-0.7532795277256344,6.11,CHEMBL3819591
290,68.49641650506577,-14.653494277091358,1.7642125543648592,3.2019093806094245,5.51,CHEMBL3622056
291,67.49827323254789,-7.711129293778445,1.5358441700746215,-0.5932017618992095,6.29,CHEMBL3818079
292,66.51638856963388,-0.5225299887319022,-3.895911155738976,-3.8681902178812906,4.15,CHEMBL367827
293,65.52352650328,0.2994443275487352,-4.742531219331358,-5.131616423410746,4.62,CHEMBL228527
294,64.52376138099336,3.4850161729111924,-4.069116257079809,-5.449107730409317,4.22,CHEMBL228315
295,63.50609019687091,-0.024880952326043353,-2.616073547678927,0.3859724404500232,6.09,CHEMBL228744
296,62.52355116448899,0.2985961195321287,-4.74664075892025,-5.141811647725238,5.89,CHEMBL426204
297,61.49809913965677,-15.071746686482834,2.393671140915747,0.9742519872969734,6.66,CHEMBL4083248
298,60.498934029472856,-16.46520206124594,2.162410400470077,0.8471753617412544,6.98,CHEMBL4099681
299,59.46633178326552,-3.649494430135221,12.630795182640727,6.122058900805476,8.05,CHEMBL3953180
300,58.52321754097832,-5.345451683884287,-9.580549771045407,-2.9058683919390424,6.0,CHEMBL3612353
301,57.481054032523716,9.198924206164461,0.10930511603732472,5.219575498655463,10.3,CHEMBL3805209
302,56.510738760843495,5.280798557067874,-9.07962316082801,0.25019980060929,4.29,CHEMBL1405
303,55.49542612729691,-15.81599282003431,0.6147314867975371,3.7674623888253396,6.23,CHEMBL226892
304,54.50516076617319,22.084983649942554,-6.05909173570172,1.0264420678289519,6.0,CHEMBL1627425
305,53.478554007358746,-16.67932448217039,5.01088618605879,6.95763895289938,6.69,CHEMBL3622064
306,52.503579492772886,5.884493100268937,-5.400976789212235,0.10374156975488463,7.28,CHEMBL3622020
307,51.50705632993475,7.832442028865907,-7.044286878938498,-0.21403936366280343,5.55,CHEMBL1627935
308,50.492636694307194,10.053820333730398,-2.9769680359408315,1.63235378340233,7.13,CHEMBL3622025
309,49.47733868935875,24.4751915444871,-1.4640346175102759,4.772173278414606,6.4,CHEMBL3806090
310,48.48112801615072,9.196379582114643,0.0969764972706485,5.1889898257119835,7.52,CHEMBL3806272
311,47.4563441936067,-4.093407244399089,15.498867844907783,7.861461683319994,8.41,CHEMBL3910182
312,46.47784280801997,10.743498433190602,-0.46279771298571404,6.047532325786879,7.52,CHEMBL3806025
313,45.4982306661048,-15.076270462571403,2.3717535964416565,0.9198774576196782,7.46,CHEMBL4084183
314,44.49299437851248,-15.689451834964146,1.13709735081351,3.9101800429019002,8.6,CHEMBL3623232
315,43.49663733697031,-14.664223469438594,1.7302095808489601,3.126790916318832,5.92,CHEMBL3622057
316,42.50444599840127,4.539525758485664,-5.780291816118529,-0.013679802311469154,7.92,CHEMBL3622019
317,41.49648431383827,1.50752093991128,3.700969061731202,-2.0676340019207196,4.05,CHEMBL3612352
318,40.50076088300062,-4.907044809836436,3.48347352702554,-2.8918588381661516,4.12,CHEMBL3612305
319,39.499663808262916,-4.830955362411607,3.025105550947912,-2.5178135349297555,4.13,CHEMBL3612350
320,38.497614270187974,1.4303005484643088,4.153857651690308,-2.455272937576439,5.17,CHEMBL3612307
321,37.47661762155881,7.712728029892578,1.9320597595780113,4.415655821120615,7.31,CHEMBL3600592
322,36.49936256481615,-16.457831226967414,2.121589868311191,0.7594455619747785,6.61,CHEMBL4072794
323,35.47857987339789,7.682756287239123,2.823618718081431,3.1756074162551124,7.92,CHEMBL3600584
324,34.47979849869319,7.743421335736507,1.1993192155921508,4.026294592842718,7.6,CHEMBL1945908
325,33.53000212003152,-9.22819342234794,-9.292055355087092,-5.079412409087989,6.7,CHEMBL3622008
326,32.52013519246292,-1.9818527516666764,-9.918619323791836,-1.745272626616965,8.1,CHEMBL3098847
327,31.500471582954027,7.357141326043583,-4.428442361765009,0.4464663880925273,10.46,CHEMBL3622029
328,30.52528220081255,0.2778246151031783,-8.286479168089938,-4.424533558203418,7.89,CHEMBL3622013
329,29.524499657810892,1.8620195866755964,-8.119568060188563,-4.3170862871084035,7.22,CHEMBL3622014
330,28.522135587999916,6.615169973403922,-7.616095043425172,-3.987947657613706,6.43,CHEMBL3622016
331,27.478799417124883,-16.68901656391164,4.97513563817905,6.868570040373105,7.58,CHEMBL3622063
332,26.495618419590553,8.611878685594222,-1.4116883638850093,3.2642002543149435,9.4,CHEMBL3806300
333,25.47671626639483,7.709335197826152,1.9156216012224425,4.374874923862644,7.02,CHEMBL3600593
334,24.49068732927377,-5.230597162173105,2.0637554512241523,0.42336906270491803,6.35,CHEMBL3818226
335,23.482118140969302,10.356702973923435,1.112296259749537,4.550085716031289,7.52,CHEMBL3804911
336,22.448711651397318,-10.510344340081755,14.903091776701,8.709322535335778,6.62,CHEMBL3819198
337,21.455599915790568,9.137639728666004,7.14005255281049,9.90839642887578,7.52,CHEMBL3805387
338,20.47870317944292,7.67851524715609,2.8030710201369717,3.1246312946826476,7.3,CHEMBL3600588
339,19.50508150022504,-15.383782258480224,-1.2054989378331722,-1.9003895564799929,6.54,CHEMBL4061169
340,18.46377837200342,-5.268425691375108,13.437628487081463,6.677021704426196,7.78,CHEMBL3981927
341,17.49472008215025,20.736295661128324,-2.273143990007027,1.5471980031650951,7.0,CHEMBL3805944
342,16.48025341777285,-14.300330549272367,8.091677550367503,1.6499026895485538,6.75,CHEMBL4087245
343,15.48069348585941,-14.264978704037432,8.073932893492637,1.6144847942822964,6.31,CHEMBL4079364
344,14.47936437801262,9.376912823496365,-0.7528985061951728,5.783085561819971,7.52,CHEMBL3805090
345,13.529239677475193,-11.32615661122973,-11.266859498127511,-3.6225485916787634,5.86,CHEMBL11548
346,12.480498482193783,-14.35096043488229,8.290814125924886,1.4079201268082633,6.64,CHEMBL4105101
347,11.47480752130438,13.253333544691154,1.4369386576012706,5.902045806565517,7.36,CHEMBL3805636
348,10.474319040114322,-11.499920403465293,7.337672566873593,3.7616608692070432,6.52,CHEMBL4102669
349,9.468662600191871,-11.509834295331194,8.769002513620045,4.4685652382868835,6.75,CHEMBL4099477
350,8.471611112678486,-11.49639280809643,8.047189067866055,4.102010569799358,6.42,CHEMBL4072568
351,7.480543325241638,-14.285057882701949,8.07116152642821,1.6033072730243618,6.68,CHEMBL4097394
352,6.499593855076693,-16.46265251492462,2.080251282697401,0.6476515804996693,6.91,CHEMBL4066635
353,5.490805493867457,-5.0474035469616885,3.0924227666013886,0.22950344489218397,6.33,CHEMBL3819219
354,4.475016134057638,-11.448164947637794,7.304891272177947,3.6932411898359163,6.58,CHEMBL4094925
355,3.494059366153229,-13.082994231661399,1.4546529427162669,3.4761777028817384,5.52,CHEMBL3622071
356,2.504037255501194,10.143973261409315,-5.951232682576772,0.5930070809356978,7.41,CHEMBL218382
357,1.5258607931917756,0.2982483894065486,-4.491978497308557,-5.884898799413353,5.4,CHEMBL230359
358,0.5263123806785278,-0.4577250356120118,-8.25428065709796,-3.9997062260103196,6.55,CHEMBL136664
359,-0.4982977630363964,11.902350950751408,-6.471010631844329,1.3310387338990133,6.0,CHEMBL425287
360,-1.4613141226189599,-9.426898491980635,-10.135633295555282,-5.828999671789417,4.98,CHEMBL76374
361,-2.4679553460177477,-3.134337050070458,-9.143053814244853,-4.887148866903068,6.3,CHEMBL349091
362,-3.462247325532271,-4.720225068625396,-9.27547755327539,-5.720040691182367,5.47,CHEMBL420395
363,-4.481020825872686,-15.078670783067484,-3.4398638475134553,-2.860310881971561,5.16,CHEMBL63397
364,-5.5167957334966875,8.120816625661645,-1.7275139436532012,5.2521338278015754,6.08,CHEMBL1627410
365,-6.509315906004742,-13.140819532375055,1.3068244047206121,4.356015507432481,6.32,CHEMBL479928
366,-7.483429485456375,-15.187935417488703,-2.7426428566640007,-2.552668198845739,6.72,CHEMBL67175
367,-8.503541190196772,-15.572404066937251,-0.9845871145030074,3.8154490495530604,6.8,CHEMBL598009
368,-9.474907052340994,1.5705523027411157,-4.022630658974513,-5.849042418224323,6.82,CHEMBL228541
369,-10.475057982687241,-1.306521316449915,-5.014920510014297,-5.50074111857774,4.7,CHEMBL228371
370,-11.500265701566653,7.961921912434113,22.009219116371643,-9.029252879062597,5.22,CHEMBL284412
371,-12.503710213757657,9.912658525717282,22.13261450933395,-7.98857045576575,6.34,CHEMBL231602
372,-13.496549445716848,9.947021531310112,21.499733622541612,-9.00558777312889,5.05,CHEMBL27198
373,-14.497174321126721,13.084898058882116,22.07362739957141,-8.931815650022582,4.72,CHEMBL27197
374,-15.460565941164063,-12.56901605963567,-10.730074770529543,-5.953747916468189,4.5,CHEMBL79227
375,-16.503766079845253,-15.818532521812628,0.5079151314915082,3.506767261696796,5.29,CHEMBL325346
376,-17.47574585994838,1.5481144513057774,-4.194543237931677,-5.649797863835098,6.6,CHEMBL228542
377,-18.471178479968117,-4.93558323176136,-7.577466483348347,-5.186105943344189,6.87,CHEMBL344037
378,-19.47317581494055,-1.2921667742876506,-4.689026228861809,-6.067111048814646,4.37,CHEMBL389265
379,-20.529381746382846,-17.139878763646866,7.112869577695585,8.307372295008673,9.89,CHEMBL1672979
380,-21.529357168521226,-17.138841653040885,7.1111220033317375,8.293421846772988,5.54,CHEMBL1672974
381,-22.463619515971796,-2.7282496371633607,-9.868834117446164,-5.065444512771139,5.47,CHEMBL84380
382,-23.477452514190393,1.1406907351915743,-10.42896834108806,-1.8906080927055273,4.95,CHEMBL334696
383,-24.463024340788568,-0.018923629375334445,-8.441348895058493,-5.67565146456711,4.65,CHEMBL305637
384,-25.49263318393249,-0.5355235287159186,19.74644745806552,-9.901743753481135,4.54,CHEMBL27775
385,-26.4661765295364,-6.310078129359219,-9.512492039818007,-5.190402019818701,5.03,CHEMBL347202
386,-27.499261741292383,8.591602607275048,21.84790359578401,-9.218712511417234,5.85,CHEMBL26541
387,-28.481411497067356,3.6632324883978113,-3.132895065038675,-5.300184666933169,5.03,CHEMBL184540
388,-29.466942631732064,-4.726448629797871,-9.348320624975889,-5.0897515649333505,5.77,CHEMBL443552
389,-30.481633707268365,3.658997253634895,-3.136801723598568,-5.294253382202471,6.75,CHEMBL186816
390,-31.503633210482057,-15.823195874699024,0.48739786109435923,3.456290940946392,6.72,CHEMBL390496
391,-32.48079065458868,-15.086587391222476,-3.478219550343116,-2.955466308906829,5.3,CHEMBL63504
392,-33.5283831806305,-17.28108121699058,7.447550229615242,8.069686739729944,6.62,CHEMBL1672982
393,-34.48987359783842,-10.849354195656893,-1.851037931076847,-1.453919576776992,6.72,CHEMBL137119
394,-35.5154109722586,5.199131526795635,-2.394842057096256,5.119831730347085,5.99,CHEMBL1627553
395,-36.51650922171555,8.109710863892715,-1.7701137241810945,5.146072874751146,6.96,CHEMBL1627418
396,-37.48593669130419,1.9982917048862225,-4.649099790607248,-2.272073127019126,4.99,CHEMBL181078
397,-38.47654941574073,6.150106001173608,-6.426896732923911,-4.478154351041905,7.35,CHEMBL137289
398,-39.46733986987947,-7.394513080259667,-13.588289116895183,-2.940193484217781,6.0,CHEMBL26036
399,-40.49075336789923,-11.101201370801423,-3.305642846057661,-0.5404962724748787,5.59,CHEMBL137313
400,-41.472835815325276,1.5784039167760642,-3.7282428480035303,-6.49357573487234,5.38,CHEMBL426202
401,-42.49789379356203,17.78422034609343,22.8981671320809,-8.911215280141137,4.3,CHEMBL285011
402,-43.498013584864125,13.258505577626732,-5.735263484706119,0.7745824401938634,5.25,CHEMBL1627428
403,-44.53451595699825,-13.677489053005443,6.151331251120171,8.557414941345174,4.1,CHEMBL1159897
404,-45.473885180683745,10.351593708521003,-7.259277201406344,-2.950408923753829,7.25,CHEMBL44459
405,-46.4783051649584,0.2956371248166797,-4.942422529702549,-5.212424032022008,5.34,CHEMBL389890
406,-47.492418013188555,14.21074641843409,-7.636975140622627,0.48687811310834583,5.7,CHEMBL1627411
407,-48.47458645662396,1.5595255985252316,-4.076054673630108,-5.98158033431273,7.3,CHEMBL389889
408,-49.47451072965984,1.8683065607021927,-4.393559715888713,-5.947371933559887,4.89,CHEMBL228797
409,-50.47798247797654,0.3419344248827875,-7.172609282478273,-3.524578305537585,5.1,CHEMBL444886
410,-51.47830940626596,-0.9779137674274844,-5.610957005709731,-4.993302504822775,5.4,CHEMBL389867
411,-52.461211429972366,-7.8722383964741764,-9.917863656786725,-5.963733219530226,5.23,CHEMBL306782
412,-53.51560018195049,9.275956935954637,-0.7440783791900291,4.524514291578913,6.96,CHEMBL1627421
413,-54.49579496808882,2.5789363409283164,-4.95352673602627,0.4191765280425175,6.58,CHEMBL187900
414,-55.461503316669805,-6.304006972702011,-9.634341384595906,-5.935343178239151,5.42,CHEMBL78282
415,-56.46244473998611,-1.5970508133412393,-8.772815795786386,-5.82298578952727,5.32,CHEMBL80330
416,-57.46211997167668,-3.166413181135544,-9.061817454095735,-5.864969463237672,5.3,CHEMBL421505
417,-58.48206042945284,3.570838444370951,-1.8077608357039245,-5.916992744830273,4.91,CHEMBL188214
418,-59.52386644774235,11.629589085747467,0.7054738327223855,5.791699690904472,6.58,CHEMBL1945897
419,-60.47982121188364,-15.199249419646781,-3.128694570812149,-3.3684520751786318,5.15,CHEMBL305077
420,-61.493252571265835,18.914027009722904,-6.793257556698314,0.5550561964574222,6.36,CHEMBL1627427
421,-62.48297736329133,-15.203485897793158,-2.817984415793689,-2.7395806446114426,6.11,CHEMBL65211
422,-63.47787561273751,0.3382588568108262,-7.190417287363473,-3.568757610900387,5.4,CHEMBL387708
423,-64.47159110483472,-3.364111380438037,-7.472198469280351,-5.2315870369665705,7.21,CHEMBL138488
424,-65.51630250931666,8.103852465329515,-1.809704735431043,5.048229341511718,7.62,CHEMBL1627429
425,-66.50168947053231,22.202944272235783,-3.038933786521722,1.1423122671414723,6.72,CHEMBL385226
426,-67.49446944047357,25.18864912084477,-5.6509493887572315,0.6890068102507173,5.22,CHEMBL1628149
427,-68.47975544865962,-15.201511307691064,-3.1396533430491935,-3.3956393400172793,5.28,CHEMBL63345
428,-69.5412187067437,9.220327178566885,6.314065988175749,9.28130338389585,7.66,CHEMBL1627617
429,-70.52075601581495,9.198390209266423,-0.9904260860950314,5.687477598002105,7.21,CHEMBL270250
430,-71.47956548804025,-15.077438132047305,-3.3706897582785937,-3.3144360442231053,5.34,CHEMBL65399
431,-72.50352166111895,-15.852183028742852,0.4393911310048085,3.332466151406978,7.4,CHEMBL108646
432,-73.503311190492,9.894762448002048,22.053991089407493,-8.178726124715771,5.16,CHEMBL25794
433,-74.49124641858822,9.495873650918323,-8.536856432261809,0.279365297461198,4.84,CHEMBL1627625
434,-75.48048252058216,-16.370882251676992,-4.198808194476266,-2.8654842896911727,5.24,CHEMBL63838
435,-76.49540921660673,12.318696295010849,-7.352100715348492,0.8866360994741599,5.85,CHEMBL407952
436,-77.49869103738015,7.053962207061499,21.27348304267218,-9.19429529811167,5.5,CHEMBL26969
437,-78.51614864296003,8.094175159451375,-1.8274040887007152,5.013181472678423,6.19,CHEMBL1627606
438,-79.4936399654036,9.061813543412844,-7.814456554164494,0.5504436159591669,5.3,CHEMBL220493
439,-80.5205196443994,7.541400241351764,2.573416678500532,3.3378658733747706,7.13,CHEMBL1947225
440,-81.48933722843464,5.1808332038010585,-7.645732325957402,-1.0728661025498192,4.77,CHEMBL1835542
441,-82.49053941292392,5.119602683292604,-6.024172516527377,-1.9303500953470867,4.58,CHEMBL1835543
442,-83.50204931691697,-15.732455999235677,-0.7344592195862415,3.377614231905668,5.2,CHEMBL598628
443,-84.52905520697395,-17.174471312009853,7.033009077137625,8.095331879749352,8.64,CHEMBL1672977
444,-85.50204819794048,-15.729360679037896,-0.7374421023703724,3.360975677365823,7.54,CHEMBL609618
445,-86.52903876616794,-17.17503678402092,7.030269384078368,8.088535063539688,7.26,CHEMBL1672981
446,-87.50203175713447,-15.729926151048973,-0.740181795429634,3.354178861156162,7.46,CHEMBL598199
447,-88.49368806670519,8.800888440284156,-6.076517264827107,-0.14352771088319702,7.4,CHEMBL229993
448,-89.47369975307784,2.922370646027465,-3.5477297771645238,-6.501001619291908,5.6,CHEMBL228914
449,-90.52880631817278,-17.15967028403435,7.016980320621431,8.069483727670505,5.54,CHEMBL1672975
450,-91.5162883452218,8.08000388517688,-1.8375110678630333,4.965328434235972,6.89,CHEMBL1627640
451,-92.46878659059377,-9.889801015356927,-8.046760910705435,-5.805306483580748,7.66,CHEMBL137392
452,-93.51913293226409,7.708550973639488,1.0236011319652125,3.5807463152935024,6.46,CHEMBL1945895
453,-94.49454147213055,10.670311619461906,-7.631986081744887,0.655999515382516,6.0,CHEMBL366014
454,-95.52100810436755,12.20368282272306,1.84239076672666,3.806817734907297,7.36,CHEMBL1945899
455,-96.5239271640959,13.23378608800056,1.3180515476147785,5.502535980587581,10.4,CHEMBL3806018
456,-97.52873241789317,-17.16032958946158,7.007013667079808,8.035142830805832,7.77,CHEMBL1672976
457,-98.52793958274661,-15.993220533519944,8.055209746269831,7.4778005156410785,7.66,CHEMBL1672980
458,-99.49786906587406,3.518434140202407,21.140161751671016,-9.335477827434927,4.96,CHEMBL27864
459,-100.49578257009959,10.355583910940375,-6.38337687233212,0.4082743515909846,6.54,CHEMBL137708
460,-101.51716640849716,-1.8913049921263758,26.37174608365067,-5.428636557442223,5.32,CHEMBL26414
461,-102.47934954553904,-4.521731320893625,-6.016234178761512,-4.34159986138576,7.35,CHEMBL137391
462,-103.46893481716776,-9.896580874169663,-8.062996188032002,-5.829960871793527,8.25,CHEMBL137217
463,-104.4662317074241,-0.06142196228465268,-6.935581667702579,-6.188022881457928,6.39,CHEMBL137692
464,-105.4708955606998,1.090080839092498,-6.051146233132623,-5.57938892970456,7.11,CHEMBL137707
465,-106.49882400635173,6.554115877008986,21.33019700062875,-8.920692269049416,4.75,CHEMBL286712
466,-107.47943485294256,-15.212538011906949,-3.1930773577047917,-3.5281772561056868,5.16,CHEMBL434211
467,-108.49223311651191,15.762579153885195,-7.43290396715039,0.31816048431922644,6.03,CHEMBL1627433
468,-109.50080027469812,11.798347777618222,21.73449081701701,-8.970507319866728,4.82,CHEMBL27368
469,-110.4691680253947,-4.4586836797632685,-5.809292581955408,-6.564139783652327,4.24,CHEMBL376171
470,-111.46009333038239,-11.027079084378304,-10.573948225594368,-6.2414098289263915,4.88,CHEMBL77121
471,-112.49020798843308,6.372779177386473,-7.880926439754489,-0.2745476736286027,4.37,CHEMBL1627869
472,-113.51832489330668,7.983184557270718,-1.174504566249179,5.192391619789293,9.41,CHEMBL1627878
473,-114.48533436393211,1.9838426168776928,-4.755064352838548,-2.55343402775147,5.75,CHEMBL182155
474,-115.47217797840236,2.829695792664472,-3.168047587282871,-6.981954813668587,5.35,CHEMBL228916
475,-116.51331702835674,1.213235089534757,4.151933193157665,0.9957024968802237,5.13,CHEMBL332811
476,-117.49266506027459,9.960080888070808,-5.06667688846674,-0.7960254529832168,6.28,CHEMBL389320
477,-118.47141822955065,2.724025036297008,-2.7841551050654365,-7.309197066004246,4.7,CHEMBL228915
478,-119.47307791179867,2.7959874762980794,-3.273362250458353,-6.833029054955688,4.46,CHEMBL375730
479,-120.4734449205848,2.9136058298558654,-3.5901950195830756,-6.606352270541667,6.14,CHEMBL375729
480,-121.48884187487087,-12.443031859927245,-2.257846390934433,-1.7881663475028549,5.79,CHEMBL137156
481,-122.47292250558031,-3.397409234971179,-7.889872467918099,-4.892910449753339,7.3,CHEMBL137513
482,-123.50504276158203,-14.477488261703657,0.13589070565195957,3.682460867733729,6.04,CHEMBL479551
483,-124.49146849425102,12.619896114219092,-8.030085135183912,0.18661542343079246,5.46,CHEMBL1627871
484,-125.480090441956,2.065893469114102,-9.369070722130513,-1.9568747183455777,4.61,CHEMBL342715
485,-126.51444843592505,3.8032544380199833,4.566494639475752,1.185435500814843,5.42,CHEMBL333727
486,-127.50205367853908,-14.686185218688742,1.405671282147027,2.585441793330819,6.27,CHEMBL390717
487,-128.51573762280998,8.0800383591746,-1.8958964151822508,4.843261067436876,7.1,CHEMBL1628091
488,-129.49261385550113,10.544485389358774,-6.909034171740258,-0.04170640735968938,6.89,CHEMBL408967
489,-130.5020443391596,-14.6833726344965,1.4013185528332652,2.565404830686145,6.42,CHEMBL226736
490,-131.50280541167066,-15.854707954658059,0.35062597030884757,3.1257920679714184,7.7,CHEMBL322322
491,-132.49235237474633,17.32487312154111,-7.178148472081807,0.27518395540885504,6.11,CHEMBL1627417
492,-133.4756283999275,1.8276575700251285,-4.8468497242968605,-5.697053957072258,5.4,CHEMBL376176
493,-134.5181536522948,-0.5430972227919427,26.572806852434137,-5.385086320289327,4.92,CHEMBL26970
494,-135.47866415305913,-15.213434325964906,-3.1428970135798666,-3.7620093554511387,5.32,CHEMBL65446
495,-136.49484959885987,5.361717112508976,20.681540421090315,-10.0468746757702,5.1,CHEMBL26041
496,-137.47726730291546,0.31733639240120054,-7.291785930556143,-3.820239810657878,5.64,CHEMBL229010
497,-138.47804686744635,7.0822457803427366,-5.1866251809158666,-4.5860174274255545,7.96,CHEMBL435988
498,-139.51621424215435,7.771617366172894,0.401087838015581,3.067526079090359,6.53,CHEMBL1945894
499,-140.53583470045035,6.815998747245599,5.365922414731496,6.62345221810001,7.7,CHEMBL1945906
500,-141.52498549160177,11.77338287206235,2.377551295683519,4.223938056337699,7.75,CHEMBL1945903
501,-142.51874648997565,7.693377062756725,0.9568563798475186,3.4247763582876396,6.72,CHEMBL1945909
502,-143.49074998014254,6.449539472053005,-8.359987772769552,-0.026528778190231764,4.37,CHEMBL1628113
503,-144.47192074447682,0.17318702091285101,-4.260687821280811,-6.726832334364323,4.89,CHEMBL229061
504,-145.4803147972724,1.7559743541977795,-2.0874299583062403,-5.706382288555479,5.72,CHEMBL179014
505,-146.46950518669954,-1.330702912385006,-5.28334343346268,-6.609311944215101,4.92,CHEMBL228317
506,-147.48108297120993,0.588017090239532,-3.1397355770851574,-5.159235197705218,5.55,CHEMBL359751
507,-148.47443500526035,2.769434104623031,-3.577088302349482,-6.357317986195561,5.3,CHEMBL228543
508,-149.47165659983796,-2.942023281049117,-8.869613452285476,-5.257938375472675,8.62,CHEMBL3622011
509,-150.48826113795775,5.02075100722423,-7.876236318812732,-1.0207566841838658,6.38,CHEMBL1627728
510,-151.48998440297981,7.623104815186981,-7.248038221223206,-0.6093377937971127,6.05,CHEMBL366144
511,-152.4747949922476,3.3950393412460924,-8.20059917415034,-4.824750882987794,7.12,CHEMBL3622015
512,-153.49271781284708,-15.407382384175413,-3.0490372330736935,-1.602209086761881,6.55,CHEMBL4090835
513,-154.49760427247364,3.4683092553950052,21.00237406229635,-9.584300148728513,4.6,CHEMBL26647
514,-155.50223688408047,3.5476410157448637,22.05202058264793,-8.942298066374216,4.66,CHEMBL27057
515,-156.4913534747601,6.408518877344311,-8.475618611298943,0.06774197800045807,7.1,CHEMBL1627551
516,-157.5249320075525,-11.66479448089423,8.6149836760279,2.8556393295717695,6.36,CHEMBL4083045
517,-158.5247235594621,-11.583337369641255,7.122543313711242,3.2193493866520435,6.47,CHEMBL4078408
518,-159.4899353103596,5.109991306856075,-8.673801752955685,-0.15546640246302612,8.78,CHEMBL364332
519,-160.5177648276699,-3.92636216247054,7.449928490795073,2.980810373598893,6.52,CHEMBL3622364
520,-161.49111291698725,5.049797896953607,-7.053989517889502,-1.0269008434959792,11.0,CHEMBL2011408
521,-162.49915190199948,-1.7954848038042315,3.541956590372524,-3.360044325047147,4.83,CHEMBL3612306
522,-163.50474562475014,-14.48645675632774,0.08123138257607339,3.547234845341165,6.26,CHEMBL480321
523,-164.4889145700458,6.769860603281404,-9.461394819839903,-0.05654302322624143,6.7,CHEMBL2011418
524,-165.52401824511574,-11.5318646498193,7.088392172485971,3.1475312991760838,6.44,CHEMBL4067505
525,-166.49585607770976,8.973337226947505,-7.275258441861784,0.6093637207073799,10.0,CHEMBL2011422
526,-167.46742403139785,-12.62196598863998,-9.811010054967388,-5.935671890116338,7.52,CHEMBL275331
527,-168.46738152252428,-1.5967935194113945,-9.202167383732544,-5.3404389331051645,6.77,CHEMBL155465
528,-169.50223302714315,-15.614263771619616,-1.2053755954984178,3.2584636063450976,5.26,CHEMBL598629
529,-170.45850747710062,-13.954980122221588,-11.30801754423228,-6.563938463735031,4.5,CHEMBL311899
530,-171.49233343609646,7.721923257729804,-8.271361780567442,0.20003912109264763,7.8,CHEMBL219321
531,-172.51761472955283,14.139696512232154,-0.8474949023353123,4.94550113559298,7.6,CHEMBL1627626
532,-173.48626300591948,-15.31145631709979,-2.2515509008248165,-3.009453939073972,6.17,CHEMBL137424
533,-174.48256554377735,8.2476027863833,-4.438075810265228,-3.928941340697484,7.96,CHEMBL359199
534,-175.51569845543438,9.6431509831209,-1.6731337697449145,4.702437675455029,6.21,CHEMBL1627612
535,-176.48991214001356,-3.004544086959691,15.461305751579584,-8.702773663606346,4.39,CHEMBL422576
536,-177.50340310274365,9.773826833897164,22.146613907548577,-8.72756486021483,5.4,CHEMBL25760
537,-178.496148465705,2.10398553374505,20.72323204132395,-9.821559647856768,4.62,CHEMBL286518
538,-179.51574060231962,-0.7459666086109662,27.31446398005913,-6.247656296678958,4.64,CHEMBL26958
539,-180.49391044679,3.6234860912306117,20.120442004974425,-9.727462989057935,4.7,CHEMBL27721
540,-181.53242071223724,7.193111301165202,2.437719408956511,7.845893044954037,6.92,CHEMBL1627953
541,-182.49421055389044,5.192000251008311,20.40533412369488,-9.695674539662027,5.22,CHEMBL285331
542,-183.47058634273128,-4.5361140128152755,-9.08446918872393,-5.484329930236773,7.52,CHEMBL3622010
543,-184.4993929810684,10.192664869625107,21.463471372863708,-9.336233606928898,5.75,CHEMBL27369
544,-185.46898837511594,-7.705634899982257,-9.423770790645204,-5.712818104846119,7.16,CHEMBL3622009
545,-186.49481076809127,8.329028570563706,20.97511836113578,-9.632097640870212,5.1,CHEMBL286960
546,-187.49540317671207,2.3398112554942947,-3.6487712508183168,-0.6002977569931486,5.82,CHEMBL183635
547,-188.5174766509242,7.542844321230348,1.2463320962893634,3.0749433355494884,6.86,CHEMBL1945913
548,-189.52149998950136,7.649866803247544,1.620726869517634,3.6336651411931373,7.64,CHEMBL1947221
549,-190.51832023134347,7.677464788893696,0.8909692083159045,3.2609424674550804,7.17,CHEMBL1945910
550,-191.51958584986656,9.038380902614113,1.135621876322682,3.403400025632386,6.68,CHEMBL1945898
551,-192.5015921118595,1.4413607146159768,3.3804249737976204,-2.862861498451161,5.26,CHEMBL3612349
552,-193.4636008041185,-9.501063257509927,-8.783288879518008,-6.7219927964213015,6.14,CHEMBL137262
553,-194.5205108323769,13.744771589963817,1.9944077720729376,3.508960598134603,7.58,CHEMBL1945900
554,-195.52081915988032,15.313568485747053,2.280669737323023,3.5441474556353425,7.29,CHEMBL1945901
555,-196.50230276476373,-15.870744849420543,0.2617204839921945,2.90560584295808,7.41,CHEMBL108483
556,-197.47049779123563,-3.4017152691742556,-7.654388057721234,-5.683575314909085,5.2,CHEMBL137227
557,-198.48972450819355,4.757573917268173,-4.137750464629956,-2.7794039007785787,8.25,CHEMBL341736
558,-199.49467973416833,10.075872556383912,-6.256997996775796,-0.06098960558396057,6.5,CHEMBL219273
559,-200.48736451942705,5.19031811302502,-9.423486313770479,-0.6071813387515491,5.48,CHEMBL1835539
560,-201.49507039703022,8.9189033243329,-7.2802473003410935,0.45367573461010424,7.75,CHEMBL221802
561,-202.48714851223787,5.2062500850226625,-9.434035684168151,-0.6194358584110715,4.4,CHEMBL189051
562,-203.4883343392685,5.14633941112573,-7.81285360257234,-1.4874718913391944,5.62,CHEMBL1835541
563,-204.51843639137277,7.6593499864048145,0.8797355723488249,3.2195327592379805,6.95,CHEMBL1947219
564,-205.51842817096974,7.659067250399278,0.8783657258191938,3.2161343511331486,6.32,CHEMBL1947220
565,-206.51741941198142,8.843993596961152,1.9183743998366,2.6427822923876803,6.71,CHEMBL1947224
566,-207.48561100159154,-16.675098095948307,-7.407062370484711,0.33119161981900663,7.79,CHEMBL592320
567,-208.49624513029684,-9.42525718639287,-3.1011083419026804,0.023380639069979017,8.0,CHEMBL3622030
568,-209.53219054095322,7.185194693010208,2.3993637061268513,7.750737618018772,6.92,CHEMBL1947228
569,-210.5010053257359,-15.768363471938683,-0.9084297288493404,2.9460164025921363,7.54,CHEMBL598211
570,-211.51942144180657,9.032726182503406,1.1082249457300686,3.335431863535768,7.19,CHEMBL1947223
571,-212.51941322140357,9.032443446497872,1.1068550992004376,3.3320334554309365,6.47,CHEMBL1945893
572,-213.51813116207444,7.670961860766379,0.8594627381343984,3.182779081043969,6.57,CHEMBL1945911
573,-214.54156846049193,6.203042022574348,8.382525090591495,7.220404273643406,7.41,CHEMBL1945905
574,-215.5009642237209,-15.769777151966364,-0.9152789614974938,2.9290243620679814,8.26,CHEMBL592131
575,-216.48614172608248,5.064764895673422,-9.100724878778124,-0.8605198217946313,5.17,CHEMBL1835540
576,-217.5009477829149,-15.770342623977431,-0.9180186545567551,2.9222275458583193,7.49,CHEMBL599442
577,-218.50933868878388,1.214617684219152,3.283955570572576,0.28045090635491743,5.21,CHEMBL440159
578,-219.5191503072537,4.41434294373618,0.940870304958096,3.9071008962170533,8.52,CHEMBL3622027
579,-220.50427706177908,-14.502572708643267,0.0031501303871232823,3.353525583365801,5.33,CHEMBL479559
580,-221.50093022313237,-15.767812775790725,-0.9237412304001466,2.898792175108814,6.85,CHEMBL592376
581,-222.51738352605696,9.22450354488384,-0.6621325946198952,4.585851568639332,7.52,CHEMBL3806088
582,-223.50213278097726,-10.02881429534141,2.227112803051845,2.325330010815497,6.0,CHEMBL3622059
583,-224.4752694942565,-2.141600599479074,-9.884704401874593,-3.0109281922364612,8.77,CHEMBL3797224
584,-225.49815778494187,-4.90588040387851,2.662096220595778,-3.418391682709957,4.57,CHEMBL3612308
585,-226.50026127182136,0.13292159754630897,3.102916335003786,-3.131494533377876,5.15,CHEMBL3612304
586,-227.52764844367357,-17.20074606239004,6.829176807952687,7.603191515507989,9.08,CHEMBL1672978
587,-228.4816730993771,5.866741688778332,-9.434744495870412,-2.0780287459786235,9.0,CHEMBL3827021
588,-229.48761084747116,-15.34418869962185,-2.6664852064032996,-2.663980535651079,6.36,CHEMBL137541
589,-230.5056945308591,1.158141705208337,3.7207124544003816,-0.4016362357354851,4.98,CHEMBL121068
590,-231.48726710389386,7.759302252791638,-5.62063736541465,-2.5079480390153117,6.85,CHEMBL136663
591,-232.54362248693795,6.35035521766948,7.443248568834928,7.912014214322345,8.05,CHEMBL1945904
592,-233.51352228470074,5.190007409742548,-2.559152584676988,4.27612165058126,5.42,CHEMBL1627916
593,-234.48961460620163,7.881556258243878,-9.043663688782436,-0.3029652649173224,4.71,CHEMBL1627631
594,-235.48155523357218,-15.252399226750795,-3.0549678654197994,-3.327505246747196,5.5,CHEMBL65204
595,-236.49408320003482,6.745812138498163,20.61899422287454,-9.840603311717327,4.89,CHEMBL287229
596,-237.4859755511345,-15.333221184205899,-2.3403880442218115,-3.2142239568427917,7.21,CHEMBL137169
597,-238.48860492866882,3.161786769468801,-4.360825280246193,-3.0261859041716606,7.96,CHEMBL137479
598,-239.49283366624897,-12.78298815992135,-0.31115272643687486,-2.717103164202862,5.79,CHEMBL137243
599,-240.4931006747035,2.0374422991097143,19.750619401416866,-9.969952740953364,4.8,CHEMBL27657
600,-241.5242347198818,11.756984253937373,2.196595925029329,3.967790455176499,7.21,CHEMBL1945902
601,-242.5191184971092,7.60547552431178,2.4424236550098892,2.220297922981253,7.05,CHEMBL1945912
602,-243.4968163480849,21.59530920831547,-5.91310324990292,0.6708567561638493,6.28,CHEMBL1627627
603,-244.48742916601046,-15.402542762910512,-5.8914442118393575,-0.09677187566733768,7.06,CHEMBL3235682
604,-245.51789978846656,7.664255254186571,0.8157621872955573,3.0747403234900514,6.31,CHEMBL1945907
605,-246.54043044960585,6.735101643738538,4.552031419359979,9.226212060006809,7.46,CHEMBL1947227
606,-247.5179462544372,8.022172845073042,-1.3307635272610716,4.798333030265035,6.9,CHEMBL1823787
607,-248.52531631337294,11.682182334967127,3.8539073729726865,3.0062228044283508,8.1,CHEMBL3600586
608,-249.52104605407555,10.218331187178618,0.1989372878312762,4.990304446374275,6.44,CHEMBL1945896
609,-250.51756752426897,7.578604479276125,1.9934517006181631,2.789102069186289,6.13,CHEMBL1947226
610,-251.50402222928602,-14.511337524814868,-0.03931511203142809,3.248174932116041,5.58,CHEMBL518761
611,-252.51891419186435,-16.76452185325272,4.5913354201575896,5.907174032690255,6.43,CHEMBL3622062
612,-253.49950914046715,-1.7448415968775952,2.960302426628133,-3.291855751245535,6.07,CHEMBL3612348
613,-254.48672105128182,5.191547812734817,-9.505267703708947,-0.7961530798622809,5.32,CHEMBL1835538
614,-255.48775940970484,7.900535386817616,-8.565541243530268,-0.8872603171695888,7.36,CHEMBL3806285
615,-256.49419695060624,7.366207306347245,-5.536627555088405,-0.9077812690323094,9.0,CHEMBL3622021
616,-257.5434962410982,6.700450033817111,5.2655941119310095,9.567995574817072,7.68,CHEMBL3805064
617,-258.5209327816943,7.630358018865596,1.5262074589731158,3.3991749819598005,7.14,CHEMBL1947222
618,-259.48228640147505,6.4809285039455204,-6.438535440572785,-3.4770215106723996,5.82,CHEMBL1835424
619,-260.5446027205461,6.281490825011565,9.027822521964923,6.962773202694637,7.48,CHEMBL3600591
620,-261.49521538708643,7.446686538911263,-7.6383451947797765,0.15038954818059644,8.05,CHEMBL3805984
621,-262.52211030497455,7.568279290340534,3.143657728814243,2.531495764848038,7.96,CHEMBL3600585
622,-263.5427240235475,6.621878705239823,5.2300745587946045,9.486277029664997,7.52,CHEMBL3805117
623,-264.5149960566161,4.150020527073665,1.0170875796813816,2.963705792776054,9.0,CHEMBL1235380
624,-265.51426179924346,-9.113734596692389,8.066444593542958,0.24994713578875916,6.8,CHEMBL3805454
625,-266.5041167995837,11.196560066225889,-2.5367291189428696,-0.1341132610376756,8.4,CHEMBL3612355
626,-267.51522792901153,21.72185302159051,-3.012413389001298,2.989500306432231,7.85,CHEMBL3805967
627,-268.4756759140497,-2.2689509425384817,-9.691927677372625,-3.7954564838190756,8.1,CHEMBL3612354
628,-269.47146091488247,-1.3914738941354199,-8.865714081410156,-5.5549016688525485,9.0,CHEMBL3622012
629,-270.4983180472799,-3.048474201853159,2.7060811788380215,-3.5027158483901237,5.11,CHEMBL3612303
630,-271.4967283000677,-6.217712353014603,2.368149423446378,-3.7278056148946415,4.47,CHEMBL3612302
631,-272.50019802205753,-1.530941008505433,2.2206235971190487,-1.5943194551194522,6.51,CHEMBL3818315
632,-273.4890616341976,7.801500611569796,-9.112416657028126,-0.46443641304042443,4.08,CHEMBL135
633,-274.49720503194646,-7.304000563392986,-4.342165948562666,1.550227029586558,6.77,CHEMBL3235689
634,-275.51658608435264,9.093785084413913,-0.3759100935433182,4.120387350402953,7.36,CHEMBL3806286
635,-276.5404151646085,6.465800693973088,6.126885838132616,8.689316437736297,7.52,CHEMBL3806175
636,-277.5146229029838,11.438991228204426,1.7495383800503537,2.9732209694172496,7.52,CHEMBL3805071
637,-278.5137178797751,20.30405090798289,-3.333047076369722,2.851180089953973,6.4,CHEMBL3805656
638,-279.5161756916649,9.103642172299008,-0.35233316444821805,4.074311967327434,7.52,CHEMBL3805959
639,-280.49005819970694,-12.402056397294652,-6.2114914008460245,0.6491032630471518,5.99,CHEMBL3235681
640,-281.4889052722008,5.076224909864374,-8.8411264348289,-0.5783664363766947,5.12,CHEMBL494753
641,-282.4662864595028,-12.713433065313904,-9.983504017482131,-6.330148703201778,6.42,CHEMBL269221
642,-283.4918650842987,-15.461955355515261,-3.218929876753063,-2.0279923968091897,6.54,CHEMBL4069839
643,-284.5232376116553,12.02511490944129,-0.03301624336656812,5.501272373261176,7.52,CHEMBL3805811
644,-285.5010259805706,-7.768616482751549,0.521993653284988,-1.3942076332333082,6.16,CHEMBL3818455
645,-286.5250039380589,11.671438366756778,3.801853204846719,2.8770832964447735,7.09,CHEMBL3600590
646,-287.5219047948995,7.561210890202146,3.1094115655734758,2.4465355622272646,7.17,CHEMBL3600589
647,-288.5454150680792,-15.76182157214395,13.313151420672192,7.188787147592159,6.72,CHEMBL3818539
648,-289.5006405906599,-14.754713767073062,1.2738074967570712,1.985279279079944,5.51,CHEMBL3622056
649,-290.4987838631777,-7.812348783760146,1.045439112466833,-1.8098318634286894,6.29,CHEMBL3818079
650,-291.497207039578,-10.496911483221524,0.3128361427172307,-1.980104853569608,6.11,CHEMBL3819591
651,-292.48066030568873,-0.62403221471914,-4.387686059876395,-5.088218727515602,4.15,CHEMBL367827
652,-293.4732957147322,3.3837966829294888,-4.559521314687595,-6.665737831938795,4.22,CHEMBL228315
653,-294.4735141516396,0.1976593655559617,-5.2356759699984075,-6.355043341149886,4.62,CHEMBL228527
654,-295.4909586784517,-0.12638317831328125,-3.107848451816347,-0.8340560691842872,6.09,CHEMBL228744
655,-296.4734977108336,0.1970938935448907,-5.238415663057666,-6.361840157359548,5.89,CHEMBL426204
656,-297.49812306625284,-16.566421551227645,1.6720053428622899,-0.3694547397882258,6.98,CHEMBL4099681
657,-298.49894151526286,-15.173531648475613,1.9005263902486988,-0.24917493044216843,6.66,CHEMBL4083248
658,-299.48633477568814,5.180144539097245,-9.567288525376535,-0.9596334847105277,4.29,CHEMBL1405
659,-300.53070887165404,-3.7512793921279943,12.13765043197368,4.898631983066337,8.05,CHEMBL3953180
660,-301.4738231139414,-5.447236645877059,-10.073694521712456,-4.129295309678184,6.0,CHEMBL3612353
661,-302.51598662239587,9.09713924417169,-0.38383963462972437,3.996148580916323,10.3,CHEMBL3805209
662,-303.50162274802574,-15.917495046021548,0.12295658266011907,2.5474338791910283,6.23,CHEMBL226892
663,-304.4918881091494,21.983481423955315,-6.550866639839142,-0.1935864418053587,6.0,CHEMBL1627425
664,-305.51849486796385,-16.780826708157626,4.519111281921372,5.737610443265068,6.69,CHEMBL3622064
665,-306.49346938254973,5.7829908742817,-5.892751693349652,-1.1162869398794255,7.28,CHEMBL3622020
666,-307.48999254538785,7.7309398028786696,-7.536061783075919,-1.4340678732971144,5.55,CHEMBL1627935
667,-308.5044121810154,9.95231810774316,-3.46874294007825,0.4123252737680195,7.13,CHEMBL3622025
668,-309.5407211225219,-4.194343998375256,15.00983263382964,6.648229989895347,8.41,CHEMBL3910182
669,-310.51970196556084,24.373406582494322,-1.957179368177325,3.548746360675466,6.4,CHEMBL3806090
670,-311.51591263876884,9.09459462012187,-0.39616825339640044,3.965562907972843,7.52,CHEMBL3806272
671,-312.49882642962086,-15.177489952553106,1.8813485388338693,-0.2967526439098014,7.46,CHEMBL4084183
672,-313.51919784689966,10.641713471197834,-0.9559424636527625,4.824105408047737,7.52,CHEMBL3806025
673,-314.49261931772736,4.438589004509497,-6.269327027196686,-1.2269114957361176,7.92,CHEMBL3622019
674,-315.50041153835235,-14.765725695425829,1.2384346767115422,1.9067624066845204,5.92,CHEMBL3622057
675,-316.50403805600416,-15.791519532962452,0.6425827536168301,2.683354717057927,8.6,CHEMBL3623232
676,-317.5005645614844,1.4060187139240417,3.2091941575937826,-3.28766251155503,4.05,CHEMBL3612352
677,-318.4973932874627,-4.93217485239331,2.5347004933401247,-3.7344436364592326,4.13,CHEMBL3612350
678,-319.49627977191903,-5.00882977182921,2.9903287763584925,-4.115285755905293,4.12,CHEMBL3612305
679,-320.49943460513464,1.3287983224770705,3.662082747552889,-3.6753014472107504,5.17,CHEMBL3612307
680,-321.5204312537638,7.61122580390534,1.440284855440593,3.1956273114863047,7.31,CHEMBL3600592
681,-322.49768631050654,-16.559333452954643,1.6298149641737736,-0.46058294765953195,6.61,CHEMBL4072794
682,-323.5184690019247,7.581254061251882,2.3318438139440127,1.9555789066208007,7.92,CHEMBL3600584
683,-324.5172503766294,7.64191910974927,0.707544311454733,2.8062660832084068,7.6,CHEMBL1945908
684,-325.46704675529105,-9.329695648335179,-9.783830259224512,-6.299440918722297,6.7,CHEMBL3622008
685,-326.4769136828597,-2.083354977653914,-10.41039422792925,-2.965301136251276,8.1,CHEMBL3098847
686,-327.4717748949131,0.17660512512147575,-8.776884225697728,-5.641163659732898,7.89,CHEMBL3622013
687,-328.4965690719656,7.255356364050806,-4.921587112432062,-0.7769605296466153,10.46,CHEMBL3622029
688,-329.4725492175117,1.7605173606883588,-8.611342964325981,-5.537114796742717,7.22,CHEMBL3622014
689,-330.4749132873227,6.513667747416684,-8.107869947562593,-5.207976167248015,6.43,CHEMBL3622016
690,-331.5182494581977,-16.790518789898872,4.483360734041634,5.648541530738792,7.58,CHEMBL3622063
691,-332.52034082933073,7.60811570784445,1.4252165436146558,3.158244822333164,7.02,CHEMBL3600593
692,-333.501422235329,8.510093723601447,-1.904833114552058,2.0407733365758007,9.4,CHEMBL3806300
693,-334.5063615460488,-5.332099388160341,1.571980547086734,-0.7966594469293926,6.35,CHEMBL3818226
694,-335.54834544432833,-10.611563830063456,14.412686719093207,7.492692433806297,6.62,CHEMBL3819198
695,-336.5149225139503,10.254918011930663,0.6191515090824882,3.3266587982921485,7.52,CHEMBL3804911
696,-337.5414489595321,9.036137502678763,6.648277648673069,8.688367919241466,7.52,CHEMBL3805387
697,-338.51834569587965,7.577013021168852,2.3112961159995535,1.9046027850483367,7.3,CHEMBL3600588
698,-339.4919673750975,-15.485284484467467,-1.6972738419705897,-3.1204180661143033,6.54,CHEMBL4061169
699,-340.53327050331916,-5.369927917362345,12.945853582944048,5.456993194791887,7.78,CHEMBL3981927
700,-341.50232879317235,20.634793435141088,-2.764918894144445,0.32716949353078517,7.0,CHEMBL3805944
701,-342.51679545754973,-14.401832775259605,7.59990264623008,0.42987417991424254,6.75,CHEMBL4087245
702,-343.517692717713,9.275693333514665,-1.2433035638029601,4.5664554602904905,7.52,CHEMBL3805090
703,-344.51634716906017,-14.366763666030208,7.5807881428255826,0.3910578765431535,6.31,CHEMBL4079364
704,-345.5227544964173,-11.600574421435923,6.850007202325065,2.5518275838872273,6.52,CHEMBL4102669
705,-346.51655039312885,-14.452462660869525,7.799039221787465,0.18789161717395186,6.64,CHEMBL4105101
706,-347.4677927570415,-11.428224309228034,-11.761374095324188,-4.849373917522736,5.86,CHEMBL11548
707,-348.52223313361526,13.15154858269838,0.9437939069342216,4.678618888826377,7.36,CHEMBL3805636
708,-349.51652199088693,-14.385994636678117,7.582126315350047,0.39007557959971323,6.68,CHEMBL4097394
709,-350.497471461052,-16.56358926890079,1.5912160716192445,-0.5655801129249791,6.91,CHEMBL4066635
710,-351.52542954224117,-11.598177770089197,7.554044317199008,2.8785836520602164,6.42,CHEMBL4072568
711,-352.5283616139218,-11.612184729335038,8.273118069893732,3.2383415043380763,6.75,CHEMBL4099477
712,-353.5062433814552,-5.148905772948927,2.6006478624639695,-0.9905250647421268,6.33,CHEMBL3819219
713,-354.50299772957237,-13.184213721643104,0.9642478851084794,2.2595476013522595,5.52,CHEMBL3622071
714,-355.5220245208619,-11.549949909630572,6.8117465215109005,2.4698142720967744,6.58,CHEMBL4094925
715,-356.4930116198214,10.042471035422073,-6.4430075867141925,-0.6270214286986132,7.41,CHEMBL218382
716,-357.4711880821308,0.1967461634193106,-4.983753401445975,-7.104927309047662,5.4,CHEMBL230359
717,-358.495354858762,11.801131460769701,-6.961415689452121,0.11440863236953218,6.0,CHEMBL425287
